name,year,popularity
Adele,1970,64
Adele,1975,62
Adele,1980,41
Adele,1985,63
Adele,1990,58
Adele,1995,60
Adele,2000,49
Adele,2005,43
Adele,2010,59
Adele,2015,61
Adele,2020,59
Adele,2025,66
Alice,1970,40
Alice,1975,41
Alice,1980,48
Alice,1985,72
Alice,1990,66
Alice,1995,49
Alice,2000,42
Alice,2005,67
Alice,2010,53
Alice,2015,64
Alice,2020,50
Alice,2025,57
Emma,1970,55
Emma,1975,72
Emma,1980,60
Emma,1985,66
Emma,1990,75
Emma,1995,42
Emma,2000,66
Emma,2005,64
Emma,2010,43
Emma,2015,54
Emma,2020,42
Emma,2025,54
Olivia,1970,47
Olivia,1975,50
Olivia,1980,57
Olivia,1985,52
Olivia,1990,71
Olivia,1995,64
Olivia,2000,31
Olivia,2005,41
Olivia,2010,50
Olivia,2015,57
Olivia,2020,46
Olivia,2025,61
Clara,1970,52
Clara,1975,46
Clara,1980,56
Clara,1985,54
Clara,1990,57
Clara,1995,74
Clara,2000,44
Clara,2005,62
Clara,2010,71
Clara,2015,57
Clara,2020,49
Clara,2025,58
Elena,1970,50
Elena,1975,51
Elena,1980,37
Elena,1985,42
Elena,1990,42
Elena,1995,66
Elena,2000,69
Elena,2005,49
Elena,2010,58
Elena,2015,38
Elena,2020,55
Elena,2025,68
Elisa,1970,42
Elisa,1975,56
Elisa,1980,52
Elisa,1985,59
Elisa,1990,55
Elisa,1995,45
Elisa,2000,47
Elisa,2005,58
Elisa,2010,53
Elisa,2015,56
Elisa,2020,30
Elisa,2025,58
Elise,1970,43
Elise,1975,64
Elise,1980,73
Elise,1985,55
Elise,1990,55
Elise,1995,38
Elise,2000,44
Elise,2005,37
Elise,2010,46
Elise,2015,48
Elise,2020,61
Elise,2025,48
Marie,1970,54
Marie,1975,62
Marie,1980,51
Marie,1985,46
Marie,1990,53
Marie,1995,49
Marie,2000,45
Marie,2005,56
Marie,2010,55
Marie,2015,65
Marie,2020,44
Marie,2025,56
Mia,1970,42
Mia,1975,58
Mia,1980,71
Mia,1985,70
Mia,1990,43
Mia,1995,47
Mia,2000,67
Mia,2005,48
Mia,2010,45
Mia,2015,56
Mia,2020,39
Mia,2025,56
Selena,1970,51
Selena,1975,50
Selena,1980,38
Selena,1985,64
Selena,1990,70
Selena,1995,63
Selena,2000,50
Selena,2005,67
Selena,2010,55
Selena,2015,37
Selena,2020,61
Selena,2025,41
Sarah,1970,70
Sarah,1975,62
Sarah,1980,60
Sarah,1985,56
Sarah,1990,61
Sarah,1995,48
Sarah,2000,61
Sarah,2005,61
Sarah,2010,68
Sarah,2015,50
Sarah,2020,54
Sarah,2025,41
Lily,1970,55
Lily,1975,57
Lily,1980,55
Lily,1985,48
Lily,1990,52
Lily,1995,35
Lily,2000,48
Lily,2005,45
Lily,2010,46
Lily,2015,45
Lily,2020,52
Lily,2025,42
Chloe,1970,71
Chloe,1975,64
Chloe,1980,66
Chloe,1985,45
Chloe,1990,61
Chloe,1995,57
Chloe,2000,67
Chloe,2005,59
Chloe,2010,56
Chloe,2015,64
Chloe,2020,32
Chloe,2025,43
Dahlia,1970,58
Dahlia,1975,57
Dahlia,1980,36
Dahlia,1985,41
Dahlia,1990,69
Dahlia,1995,57
Dahlia,2000,61
Dahlia,2005,74
Dahlia,2010,55
Dahlia,2015,55
Dahlia,2020,47
Dahlia,2025,52
Dania,1970,45
Dania,1975,65
Dania,1980,51
Dania,1985,49
Dania,1990,61
Dania,1995,31
Dania,2000,49
Dania,2005,39
Dania,2010,43
Dania,2015,46
Dania,2020,41
Dania,2025,45
Dahlina,1970,66
Dahlina,1975,66
Dahlina,1980,67
Dahlina,1985,57
Dahlina,1990,58
Dahlina,1995,33
Dahlina,2000,65
Dahlina,2005,68
Dahlina,2010,52
Dahlina,2015,41
Dahlina,2020,41
Dahlina,2025,56
Celia,1970,50
Celia,1975,53
Celia,1980,39
Celia,1985,44
Celia,1990,51
Celia,1995,53
Celia,2000,62
Celia,2005,52
Celia,2010,49
Celia,2015,59
Celia,2020,65
Celia,2025,60
Elena,1970,67
Elena,1975,58
Elena,1980,59
Elena,1985,58
Elena,1990,58
Elena,1995,48
Elena,2000,58
Elena,2005,53
Elena,2010,41
Elena,2015,50
Elena,2020,63
Elena,2025,73
Eliana,1970,54
Eliana,1975,53
Eliana,1980,64
Eliana,1985,44
Eliana,1990,57
Eliana,1995,74
Eliana,2000,69
Eliana,2005,55
Eliana,2010,46
Eliana,2015,55
Eliana,2020,62
Eliana,2025,49
Elina,1970,52
Elina,1975,48
Elina,1980,48
Elina,1985,61
Elina,1990,31
Elina,1995,33
Elina,2000,62
Elina,2005,68
Elina,2010,66
Elina,2015,49
Elina,2020,49
Elina,2025,47
Elisabeth,1970,57
Elisabeth,1975,58
Elisabeth,1980,52
Elisabeth,1985,43
Elisabeth,1990,67
Elisabeth,1995,76
Elisabeth,2000,68
Elisabeth,2005,54
Elisabeth,2010,52
Elisabeth,2015,36
Elisabeth,2020,68
Elisabeth,2025,55
Ellen,1970,52
Ellen,1975,38
Ellen,1980,50
Ellen,1985,53
Ellen,1990,39
Ellen,1995,54
Ellen,2000,58
Ellen,2005,49
Ellen,2010,60
Ellen,2015,62
Ellen,2020,48
Ellen,2025,47
Juliana,1970,40
Juliana,1975,57
Juliana,1980,50
Juliana,1985,44
Juliana,1990,51
Juliana,1995,68
Juliana,2000,51
Juliana,2005,50
Juliana,2010,48
Juliana,2015,58
Juliana,2020,57
Juliana,2025,61
Larissa,1970,48
Larissa,1975,61
Larissa,1980,50
Larissa,1985,52
Larissa,1990,48
Larissa,1995,74
Larissa,2000,60
Larissa,2005,50
Larissa,2010,72
Larissa,2015,40
Larissa,2020,61
Larissa,2025,45
Lucia,1970,54
Lucia,1975,74
Lucia,1980,32
Lucia,1985,33
Lucia,1990,73
Lucia,1995,49
Lucia,2000,47
Lucia,2005,35
Lucia,2010,32
Lucia,2015,57
Lucia,2020,50
Lucia,2025,59
Valeria,1970,42
Valeria,1975,56
Valeria,1980,62
Valeria,1985,53
Valeria,1990,52
Valeria,1995,61
Valeria,2000,64
Valeria,2005,55
Valeria,2010,47
Valeria,2015,47
Valeria,2020,39
Valeria,2025,57
Annalise,1970,59
Annalise,1975,44
Annalise,1980,68
Annalise,1985,57
Annalise,1990,67
Annalise,1995,45
Annalise,2000,53
Annalise,2005,51
Annalise,2010,52
Annalise,2015,67
Annalise,2020,50
Annalise,2025,62
Annelise,1970,66
Annelise,1975,33
Annelise,1980,53
Annelise,1985,40
Annelise,1990,59
Annelise,1995,36
Annelise,2000,66
Annelise,2005,61
Annelise,2010,59
Annelise,2015,41
Annelise,2020,57
Annelise,2025,58
Iselin,1970,77
Iselin,1975,60
Iselin,1980,72
Iselin,1985,73
Iselin,1990,50
Iselin,1995,58
Iselin,2000,64
Iselin,2005,51
Iselin,2010,48
Iselin,2015,54
Iselin,2020,39
Iselin,2025,36
Irene,1970,50
Irene,1975,54
Irene,1980,61
Irene,1985,74
Irene,1990,45
Irene,1995,57
Irene,2000,35
Irene,2005,53
Irene,2010,57
Irene,2015,54
Irene,2020,65
Irene,2025,68
Ekaterina,1970,34
Ekaterina,1975,60
Ekaterina,1980,53
Ekaterina,1985,59
Ekaterina,1990,62
Ekaterina,1995,48
Ekaterina,2000,60
Ekaterina,2005,63
Ekaterina,2010,39
Ekaterina,2015,34
Ekaterina,2020,45
Ekaterina,2025,50
Octavia,1970,45
Octavia,1975,41
Octavia,1980,40
Octavia,1985,60
Octavia,1990,65
Octavia,1995,68
Octavia,2000,58
Octavia,2005,58
Octavia,2010,64
Octavia,2015,72
Octavia,2020,52
Octavia,2025,63
Aurélia,1970,47
Aurélia,1975,46
Aurélia,1980,56
Aurélia,1985,42
Aurélia,1990,71
Aurélia,1995,59
Aurélia,2000,61
Aurélia,2005,57
Aurélia,2010,62
Aurélia,2015,37
Aurélia,2020,66
Aurélia,2025,57
Thalia,1970,47
Thalia,1975,59
Thalia,1980,67
Thalia,1985,37
Thalia,1990,36
Thalia,1995,40
Thalia,2000,49
Thalia,2005,53
Thalia,2010,57
Thalia,2015,56
Thalia,2020,76
Thalia,2025,50
Thea,1970,52
Thea,1975,60
Thea,1980,45
Thea,1985,64
Thea,1990,64
Thea,1995,58
Thea,2000,57
Thea,2005,36
Thea,2010,67
Thea,2015,61
Thea,2020,46
Thea,2025,53
Seraphina,1970,67
Seraphina,1975,55
Seraphina,1980,46
Seraphina,1985,67
Seraphina,1990,60
Seraphina,1995,52
Seraphina,2000,65
Seraphina,2005,39
Seraphina,2010,52
Seraphina,2015,65
Seraphina,2020,54
Seraphina,2025,54
Camilla,1970,54
Camilla,1975,77
Camilla,1980,57
Camilla,1985,52
Camilla,1990,56
Camilla,1995,33
Camilla,2000,49
Camilla,2005,66
Camilla,2010,47
Camilla,2015,74
Camilla,2020,35
Camilla,2025,68
Camille,1970,42
Camille,1975,51
Camille,1980,37
Camille,1985,62
Camille,1990,49
Camille,1995,58
Camille,2000,47
Camille,2005,47
Camille,2010,42
Camille,2015,68
Camille,2020,45
Camille,2025,54
Camila,1970,40
Camila,1975,47
Camila,1980,45
Camila,1985,70
Camila,1990,40
Camila,1995,54
Camila,2000,53
Camila,2005,50
Camila,2010,45
Camila,2015,45
Camila,2020,72
Camila,2025,41
Aaliyah,1970,4
Aaliyah,1975,1
Aaliyah,1980,0
Aaliyah,1985,1
Aaliyah,1990,3
Aaliyah,1995,1
Aaliyah,2000,42
Aaliyah,2005,62
Aaliyah,2010,70
Aaliyah,2015,39
Aaliyah,2020,54
Aaliyah,2025,34
Adannaya,1970,1
Adannaya,1975,1
Adannaya,1980,3
Adannaya,1985,2
Adannaya,1990,0
Adannaya,1995,3
Adannaya,2000,22
Adannaya,2005,25
Adannaya,2010,43
Adannaya,2015,73
Adannaya,2020,20
Adannaya,2025,49
Afiqah,1970,4
Afiqah,1975,2
Afiqah,1980,3
Afiqah,1985,2
Afiqah,1990,2
Afiqah,1995,2
Afiqah,2000,34
Afiqah,2005,28
Afiqah,2010,69
Afiqah,2015,65
Afiqah,2020,72
Afiqah,2025,25
Alindara,1970,0
Alindara,1975,1
Alindara,1980,4
Alindara,1985,3
Alindara,1990,1
Alindara,1995,0
Alindara,2000,76
Alindara,2005,75
Alindara,2010,27
Alindara,2015,44
Alindara,2020,50
Alindara,2025,45
Alindra,1970,2
Alindra,1975,4
Alindra,1980,4
Alindra,1985,3
Alindra,1990,3
Alindra,1995,0
Alindra,2000,36
Alindra,2005,29
Alindra,2010,44
Alindra,2015,69
Alindra,2020,23
Alindra,2025,66
Alshabira,1970,0
Alshabira,1975,4
Alshabira,1980,2
Alshabira,1985,1
Alshabira,1990,4
Alshabira,1995,1
Alshabira,2000,69
Alshabira,2005,40
Alshabira,2010,67
Alshabira,2015,40
Alshabira,2020,75
Alshabira,2025,61
Arisellea,1970,0
Arisellea,1975,0
Arisellea,1980,1
Arisellea,1985,2
Arisellea,1990,2
Arisellea,1995,2
Arisellea,2000,46
Arisellea,2005,57
Arisellea,2010,44
Arisellea,2015,39
Arisellea,2020,55
Arisellea,2025,58
Ayudia,1970,0
Ayudia,1975,3
Ayudia,1980,1
Ayudia,1985,3
Ayudia,1990,1
Ayudia,1995,2
Ayudia,2000,54
Ayudia,2005,44
Ayudia,2010,47
Ayudia,2015,54
Ayudia,2020,29
Ayudia,2025,22
Azkadina,1970,1
Azkadina,1975,4
Azkadina,1980,0
Azkadina,1985,4
Azkadina,1990,0
Azkadina,1995,4
Azkadina,2000,34
Azkadina,2005,21
Azkadina,2010,66
Azkadina,2015,21
Azkadina,2020,68
Azkadina,2025,75
Zyannisa,1970,2
Zyannisa,1975,3
Zyannisa,1980,3
Zyannisa,1985,0
Zyannisa,1990,1
Zyannisa,1995,1
Zyannisa,2000,70
Zyannisa,2005,46
Zyannisa,2010,26
Zyannisa,2015,27
Zyannisa,2020,38
Zyannisa,2025,50
Navira,1970,2
Navira,1975,3
Navira,1980,4
Navira,1985,1
Navira,1990,0
Navira,1995,3
Navira,2000,36
Navira,2005,63
Navira,2010,67
Navira,2015,70
Navira,2020,43
Navira,2025,51
Nyvella,1970,3
Nyvella,1975,3
Nyvella,1980,3
Nyvella,1985,2
Nyvella,1990,1
Nyvella,1995,2
Nyvella,2000,49
Nyvella,2005,79
Nyvella,2010,43
Nyvella,2015,69
Nyvella,2020,67
Nyvella,2025,61
Afrinzea,1970,4
Afrinzea,1975,3
Afrinzea,1980,0
Afrinzea,1985,3
Afrinzea,1990,2
Afrinzea,1995,2
Afrinzea,2000,67
Afrinzea,2005,63
Afrinzea,2010,22
Afrinzea,2015,52
Afrinzea,2020,29
Afrinzea,2025,44
Alinae,1970,2
Alinae,1975,4
Alinae,1980,0
Alinae,1985,0
Alinae,1990,1
Alinae,1995,1
Alinae,2000,47
Alinae,2005,42
Alinae,2010,23
Alinae,2015,47
Alinae,2020,20
Alinae,2025,58
Arsanti,1970,1
Arsanti,1975,3
Arsanti,1980,3
Arsanti,1985,3
Arsanti,1990,1
Arsanti,1995,1
Arsanti,2000,23
Arsanti,2005,71
Arsanti,2010,42
Arsanti,2015,49
Arsanti,2020,48
Arsanti,2025,34
Faradhisty,1970,4
Faradhisty,1975,4
Faradhisty,1980,0
Faradhisty,1985,0
Faradhisty,1990,1
Faradhisty,1995,2
Faradhisty,2000,78
Faradhisty,2005,44
Faradhisty,2010,37
Faradhisty,2015,43
Faradhisty,2020,61
Faradhisty,2025,28
Lumika,1970,3
Lumika,1975,2
Lumika,1980,1
Lumika,1985,2
Lumika,1990,4
Lumika,1995,2
Lumika,2000,61
Lumika,2005,23
Lumika,2010,50
Lumika,2015,30
Lumika,2020,65
Lumika,2025,61
Azaria,1970,0
Azaria,1975,2
Azaria,1980,2
Azaria,1985,4
Azaria,1990,3
Azaria,1995,2
Azaria,2000,34
Azaria,2005,25
Azaria,2010,22
Azaria,2015,44
Azaria,2020,63
Azaria,2025,46
Azkayra,1970,4
Azkayra,1975,0
Azkayra,1980,0
Azkayra,1985,0
Azkayra,1990,2
Azkayra,1995,2
Azkayra,2000,50
Azkayra,2005,45
Azkayra,2010,55
Azkayra,2015,35
Azkayra,2020,65
Azkayra,2025,20
Azkiya,1970,2
Azkiya,1975,3
Azkiya,1980,2
Azkiya,1985,3
Azkiya,1990,4
Azkiya,1995,3
Azkiya,2000,35
Azkiya,2005,55
Azkiya,2010,64
Azkiya,2015,75
Azkiya,2020,61
Azkiya,2025,33
Azuna,1970,1
Azuna,1975,3
Azuna,1980,1
Azuna,1985,2
Azuna,1990,3
Azuna,1995,2
Azuna,2000,31
Azuna,2005,48
Azuna,2010,48
Azuna,2015,28
Azuna,2020,51
Azuna,2025,74
Fajrina,1970,4
Fajrina,1975,3
Fajrina,1980,2
Fajrina,1985,2
Fajrina,1990,3
Fajrina,1995,1
Fajrina,2000,38
Fajrina,2005,75
Fajrina,2010,79
Fajrina,2015,53
Fajrina,2020,41
Fajrina,2025,56
Aurelia,1970,3
Aurelia,1975,4
Aurelia,1980,1
Aurelia,1985,1
Aurelia,1990,0
Aurelia,1995,3
Aurelia,2000,29
Aurelia,2005,63
Aurelia,2010,59
Aurelia,2015,60
Aurelia,2020,47
Aurelia,2025,66
Avaline,1970,3
Avaline,1975,1
Avaline,1980,0
Avaline,1985,2
Avaline,1990,4
Avaline,1995,3
Avaline,2000,70
Avaline,2005,42
Avaline,2010,49
Avaline,2015,45
Avaline,2020,20
Avaline,2025,68
Avantika,1970,0
Avantika,1975,3
Avantika,1980,3
Avantika,1985,4
Avantika,1990,2
Avantika,1995,0
Avantika,2000,78
Avantika,2005,48
Avantika,2010,73
Avantika,2015,60
Avantika,2020,40
Avantika,2025,49
Avelina,1970,2
Avelina,1975,2
Avelina,1980,1
Avelina,1985,0
Avelina,1990,3
Avelina,1995,0
Avelina,2000,49
Avelina,2005,45
Avelina,2010,51
Avelina,2015,20
Avelina,2020,41
Avelina,2025,29
Aveline,1970,4
Aveline,1975,0
Aveline,1980,0
Aveline,1985,2
Aveline,1990,0
Aveline,1995,1
Aveline,2000,54
Aveline,2005,74
Aveline,2010,58
Aveline,2015,39
Aveline,2020,39
Aveline,2025,70
Ayara,1970,3
Ayara,1975,2
Ayara,1980,2
Ayara,1985,4
Ayara,1990,1
Ayara,1995,1
Ayara,2000,34
Ayara,2005,35
Ayara,2010,74
Ayara,2015,50
Ayara,2020,68
Ayara,2025,27
Aylin,1970,4
Aylin,1975,0
Aylin,1980,4
Aylin,1985,2
Aylin,1990,2
Aylin,1995,3
Aylin,2000,65
Aylin,2005,23
Aylin,2010,28
Aylin,2015,46
Aylin,2020,22
Aylin,2025,27
Yasirae,1970,2
Yasirae,1975,4
Yasirae,1980,1
Yasirae,1985,2
Yasirae,1990,2
Yasirae,1995,1
Yasirae,2000,48
Yasirae,2005,45
Yasirae,2010,30
Yasirae,2015,48
Yasirae,2020,77
Yasirae,2025,38
Amira,1970,25
Amira,1975,15
Amira,1980,23
Amira,1985,25
Amira,1990,26
Amira,1995,9
Amira,2000,9
Amira,2005,15
Amira,2010,56
Amira,2015,59
Amira,2020,51
Amira,2025,46
Anaya,1970,28
Anaya,1975,16
Anaya,1980,31
Anaya,1985,34
Anaya,1990,25
Anaya,1995,15
Anaya,2000,17
Anaya,2005,19
Anaya,2010,51
Anaya,2015,41
Anaya,2020,38
Anaya,2025,44
Aria,1970,17
Aria,1975,24
Aria,1980,33
Aria,1985,17
Aria,1990,29
Aria,1995,8
Aria,2000,18
Aria,2005,12
Aria,2010,42
Aria,2015,63
Aria,2020,58
Aria,2025,43
Eliana,1970,18
Eliana,1975,28
Eliana,1980,31
Eliana,1985,28
Eliana,1990,22
Eliana,1995,16
Eliana,2000,16
Eliana,2005,10
Eliana,2010,30
Eliana,2015,63
Eliana,2020,68
Eliana,2025,42
Liora,1970,18
Liora,1975,21
Liora,1980,21
Liora,1985,30
Liora,1990,18
Liora,1995,8
Liora,2000,11
Liora,2005,13
Liora,2010,36
Liora,2015,57
Liora,2020,65
Liora,2025,39
Aurelia,1970,27
Aurelia,1975,15
Aurelia,1980,19
Aurelia,1985,25
Aurelia,1990,30
Aurelia,1995,15
Aurelia,2000,12
Aurelia,2005,7
Aurelia,2010,32
Aurelia,2015,69
Aurelia,2020,66
Aurelia,2025,54
Rania,1970,20
Rania,1975,27
Rania,1980,24
Rania,1985,18
Rania,1990,33
Rania,1995,17
Rania,2000,7
Rania,2005,9
Rania,2010,60
Rania,2015,39
Rania,2020,30
Rania,2025,38
Avelin,1970,23
Avelin,1975,16
Avelin,1980,16
Avelin,1985,17
Avelin,1990,25
Avelin,1995,11
Avelin,2000,13
Avelin,2005,13
Avelin,2010,34
Avelin,2015,63
Avelin,2020,61
Avelin,2025,37
Thalia,1970,34
Thalia,1975,15
Thalia,1980,21
Thalia,1985,23
Thalia,1990,15
Thalia,1995,12
Thalia,2000,15
Thalia,2005,17
Thalia,2010,69
Thalia,2015,38
Thalia,2020,48
Thalia,2025,34
Zaria,1970,27
Zaria,1975,29
Zaria,1980,22
Zaria,1985,26
Zaria,1990,15
Zaria,1995,6
Zaria,2000,10
Zaria,2005,11
Zaria,2010,69
Zaria,2015,57
Zaria,2020,65
Zaria,2025,54
Alyana,1970,18
Alyana,1975,22
Alyana,1980,29
Alyana,1985,23
Alyana,1990,28
Alyana,1995,13
Alyana,2000,6
Alyana,2005,14
Alyana,2010,66
Alyana,2015,62
Alyana,2020,49
Alyana,2025,65
Amarisa,1970,33
Amarisa,1975,18
Amarisa,1980,16
Amarisa,1985,31
Amarisa,1990,23
Amarisa,1995,8
Amarisa,2000,6
Amarisa,2005,13
Amarisa,2010,47
Amarisa,2015,68
Amarisa,2020,41
Amarisa,2025,39
Aracelia,1970,33
Aracelia,1975,24
Aracelia,1980,23
Aracelia,1985,18
Aracelia,1990,25
Aracelia,1995,14
Aracelia,2000,9
Aracelia,2005,11
Aracelia,2010,52
Aracelia,2015,66
Aracelia,2020,62
Aracelia,2025,64
Aria,1970,17
Aria,1975,21
Aria,1980,30
Aria,1985,24
Aria,1990,28
Aria,1995,16
Aria,2000,17
Aria,2005,11
Aria,2010,34
Aria,2015,47
Aria,2020,69
Aria,2025,42
Elara,1970,29
Elara,1975,17
Elara,1980,29
Elara,1985,23
Elara,1990,24
Elara,1995,8
Elara,2000,18
Elara,2005,9
Elara,2010,42
Elara,2015,60
Elara,2020,36
Elara,2025,47
Eliyah,1970,33
Eliyah,1975,28
Eliyah,1980,29
Eliyah,1985,23
Eliyah,1990,23
Eliyah,1995,10
Eliyah,2000,11
Eliyah,2005,5
Eliyah,2010,43
Eliyah,2015,68
Eliyah,2020,33
Eliyah,2025,36
Parisa,1970,26
Parisa,1975,26
Parisa,1980,26
Parisa,1985,31
Parisa,1990,16
Parisa,1995,6
Parisa,2000,19
Parisa,2005,14
Parisa,2010,63
Parisa,2015,60
Parisa,2020,59
Parisa,2025,61
Ayumi,1970,15
Ayumi,1975,17
Ayumi,1980,28
Ayumi,1985,26
Ayumi,1990,17
Ayumi,1995,19
Ayumi,2000,18
Ayumi,2005,16
Ayumi,2010,65
Ayumi,2015,69
Ayumi,2020,54
Ayumi,2025,63
Ameira,1970,26
Ameira,1975,25
Ameira,1980,27
Ameira,1985,17
Ameira,1990,33
Ameira,1995,16
Ameira,2000,7
Ameira,2005,17
Ameira,2010,34
Ameira,2015,40
Ameira,2020,68
Ameira,2025,40
Ameline,1970,26
Ameline,1975,31
Ameline,1980,25
Ameline,1985,32
Ameline,1990,18
Ameline,1995,17
Ameline,2000,5
Ameline,2005,15
Ameline,2010,39
Ameline,2015,46
Ameline,2020,62
Ameline,2025,54
Meliora,1970,22
Meliora,1975,25
Meliora,1980,24
Meliora,1985,23
Meliora,1990,30
Meliora,1995,7
Meliora,2000,13
Meliora,2005,17
Meliora,2010,66
Meliora,2015,60
Meliora,2020,39
Meliora,2025,65
Melissa,1970,29
Melissa,1975,20
Melissa,1980,16
Melissa,1985,29
Melissa,1990,30
Melissa,1995,7
Melissa,2000,5
Melissa,2005,6
Melissa,2010,38
Melissa,2015,34
Melissa,2020,34
Melissa,2025,68
Mirela,1970,26
Mirela,1975,24
Mirela,1980,24
Mirela,1985,16
Mirela,1990,17
Mirela,1995,5
Mirela,2000,13
Mirela,2005,13
Mirela,2010,69
Mirela,2015,33
Mirela,2020,56
Mirela,2025,57
Mirella,1970,20
Mirella,1975,15
Mirella,1980,30
Mirella,1985,26
Mirella,1990,32
Mirella,1995,17
Mirella,2000,8
Mirella,2005,19
Mirella,2010,54
Mirella,2015,33
Mirella,2020,65
Mirella,2025,54
Najla,1970,18
Najla,1975,21
Najla,1980,34
Najla,1985,33
Najla,1990,34
Najla,1995,15
Najla,2000,5
Najla,2005,18
Najla,2010,44
Najla,2015,49
Najla,2020,45
Najla,2025,54
Nurrahma,1970,33
Nurrahma,1975,16
Nurrahma,1980,15
Nurrahma,1985,33
Nurrahma,1990,31
Nurrahma,1995,6
Nurrahma,2000,17
Nurrahma,2005,15
Nurrahma,2010,41
Nurrahma,2015,65
Nurrahma,2020,30
Nurrahma,2025,50
Raquel,1970,29
Raquel,1975,22
Raquel,1980,17
Raquel,1985,21
Raquel,1990,18
Raquel,1995,11
Raquel,2000,13
Raquel,2005,12
Raquel,2010,33
Raquel,2015,69
Raquel,2020,59
Raquel,2025,35
Ravina,1970,17
Ravina,1975,29
Ravina,1980,23
Ravina,1985,28
Ravina,1990,29
Ravina,1995,11
Ravina,2000,19
Ravina,2005,9
Ravina,2010,33
Ravina,2015,45
Ravina,2020,42
Ravina,2025,39
Shirin,1970,18
Shirin,1975,27
Shirin,1980,20
Shirin,1985,17
Shirin,1990,19
Shirin,1995,17
Shirin,2000,12
Shirin,2005,10
Shirin,2010,44
Shirin,2015,51
Shirin,2020,30
Shirin,2025,39
Soraya,1970,24
Soraya,1975,20
Soraya,1980,33
Soraya,1985,25
Soraya,1990,21
Soraya,1995,13
Soraya,2000,11
Soraya,2005,11
Soraya,2010,33
Soraya,2015,61
Soraya,2020,37
Soraya,2025,56
Yasmin,1970,24
Yasmin,1975,16
Yasmin,1980,15
Yasmin,1985,19
Yasmin,1990,29
Yasmin,1995,5
Yasmin,2000,9
Yasmin,2005,7
Yasmin,2010,52
Yasmin,2015,31
Yasmin,2020,41
Yasmin,2025,60
Adelia,1970,8
Adelia,1975,14
Adelia,1980,9
Adelia,1985,7
Adelia,1990,12
Adelia,1995,13
Adelia,2000,5
Adelia,2005,0
Adelia,2010,4
Adelia,2015,9
Adelia,2020,10
Adelia,2025,0
Aelira,1970,12
Aelira,1975,12
Aelira,1980,14
Aelira,1985,13
Aelira,1990,12
Aelira,1995,14
Aelira,2000,6
Aelira,2005,10
Aelira,2010,10
Aelira,2015,13
Aelira,2020,2
Aelira,2025,14
Afrinzea,1970,4
Afrinzea,1975,5
Afrinzea,1980,3
Afrinzea,1985,7
Afrinzea,1990,9
Afrinzea,1995,4
Afrinzea,2000,7
Afrinzea,2005,0
Afrinzea,2010,3
Afrinzea,2015,8
Afrinzea,2020,6
Afrinzea,2025,0
Alma,1970,9
Alma,1975,10
Alma,1980,9
Alma,1985,0
Alma,1990,1
Alma,1995,11
Alma,2000,10
Alma,2005,2
Alma,2010,9
Alma,2015,12
Alma,2020,3
Alma,2025,13
Alsava,1970,10
Alsava,1975,2
Alsava,1980,7
Alsava,1985,11
Alsava,1990,4
Alsava,1995,11
Alsava,2000,1
Alsava,2005,11
Alsava,2010,12
Alsava,2015,3
Alsava,2020,7
Alsava,2025,10
Altheira,1970,4
Altheira,1975,7
Altheira,1980,2
Altheira,1985,14
Altheira,1990,12
Altheira,1995,2
Altheira,2000,4
Altheira,2005,9
Altheira,2010,0
Altheira,2015,10
Altheira,2020,7
Altheira,2025,12
Arsanti,1970,3
Arsanti,1975,6
Arsanti,1980,8
Arsanti,1985,5
Arsanti,1990,9
Arsanti,1995,10
Arsanti,2000,2
Arsanti,2005,14
Arsanti,2010,12
Arsanti,2015,6
Arsanti,2020,10
Arsanti,2025,3
Ashadiya,1970,7
Ashadiya,1975,0
Ashadiya,1980,12
Ashadiya,1985,10
Ashadiya,1990,4
Ashadiya,1995,12
Ashadiya,2000,12
Ashadiya,2005,2
Ashadiya,2010,1
Ashadiya,2015,4
Ashadiya,2020,6
Ashadiya,2025,6
Fajrina,1970,7
Fajrina,1975,1
Fajrina,1980,9
Fajrina,1985,11
Fajrina,1990,12
Fajrina,1995,9
Fajrina,2000,11
Fajrina,2005,2
Fajrina,2010,2
Fajrina,2015,3
Fajrina,2020,1
Fajrina,2025,9
Faradhisty,1970,9
Faradhisty,1975,13
Faradhisty,1980,3
Faradhisty,1985,4
Faradhisty,1990,12
Faradhisty,1995,11
Faradhisty,2000,12
Faradhisty,2005,0
Faradhisty,2010,9
Faradhisty,2015,5
Faradhisty,2020,12
Faradhisty,2025,5
Faradisa,1970,14
Faradisa,1975,7
Faradisa,1980,13
Faradisa,1985,6
Faradisa,1990,8
Faradisa,1995,5
Faradisa,2000,12
Faradisa,2005,0
Faradisa,2010,14
Faradisa,2015,11
Faradisa,2020,10
Faradisa,2025,10
Farhaira,1970,10
Farhaira,1975,1
Farhaira,1980,6
Farhaira,1985,7
Farhaira,1990,14
Farhaira,1995,14
Farhaira,2000,13
Farhaira,2005,12
Farhaira,2010,1
Farhaira,2015,3
Farhaira,2020,0
Farhaira,2025,0
Lumika,1970,14
Lumika,1975,14
Lumika,1980,3
Lumika,1985,4
Lumika,1990,5
Lumika,1995,13
Lumika,2000,6
Lumika,2005,9
Lumika,2010,1
Lumika,2015,10
Lumika,2020,4
Lumika,2025,9
Anandya,1970,6
Anandya,1975,13
Anandya,1980,8
Anandya,1985,3
Anandya,1990,12
Anandya,1995,11
Anandya,2000,7
Anandya,2005,7
Anandya,2010,8
Anandya,2015,11
Anandya,2020,7
Anandya,2025,3
Aqilla,1970,9
Aqilla,1975,9
Aqilla,1980,9
Aqilla,1985,13
Aqilla,1990,14
Aqilla,1995,9
Aqilla,2000,3
Aqilla,2005,12
Aqilla,2010,2
Aqilla,2015,8
Aqilla,2020,12
Aqilla,2025,8
Arisella,1970,13
Arisella,1975,9
Arisella,1980,10
Arisella,1985,11
Arisella,1990,3
Arisella,1995,5
Arisella,2000,5
Arisella,2005,1
Arisella,2010,14
Arisella,2015,4
Arisella,2020,5
Arisella,2025,11
Arisellea,1970,6
Arisellea,1975,14
Arisellea,1980,6
Arisellea,1985,1
Arisellea,1990,11
Arisellea,1995,6
Arisellea,2000,13
Arisellea,2005,10
Arisellea,2010,14
Arisellea,2015,8
Arisellea,2020,12
Arisellea,2025,14
Arushi,1970,5
Arushi,1975,8
Arushi,1980,10
Arushi,1985,7
Arushi,1990,11
Arushi,1995,5
Arushi,2000,4
Arushi,2005,11
Arushi,2010,0
Arushi,2015,14
Arushi,2020,1
Arushi,2025,1
Elarae,1970,0
Elarae,1975,11
Elarae,1980,12
Elarae,1985,10
Elarae,1990,14
Elarae,1995,3
Elarae,2000,6
Elarae,2005,2
Elarae,2010,5
Elarae,2015,9
Elarae,2020,6
Elarae,2025,10
Eilis,1970,3
Eilis,1975,4
Eilis,1980,12
Eilis,1985,7
Eilis,1990,11
Eilis,1995,6
Eilis,2000,5
Eilis,2005,11
Eilis,2010,10
Eilis,2015,2
Eilis,2020,6
Eilis,2025,6
Alfathia,1970,2
Alfathia,1975,14
Alfathia,1980,3
Alfathia,1985,9
Alfathia,1990,2
Alfathia,1995,0
Alfathia,2000,13
Alfathia,2005,5
Alfathia,2010,9
Alfathia,2015,12
Alfathia,2020,3
Alfathia,2025,4
Azkadia,1970,12
Azkadia,1975,6
Azkadia,1980,10
Azkadia,1985,3
Azkadia,1990,1
Azkadia,1995,13
Azkadia,2000,3
Azkadia,2005,4
Azkadia,2010,11
Azkadia,2015,11
Azkadia,2020,2
Azkadia,2025,8
Azkiya,1970,1
Azkiya,1975,9
Azkiya,1980,9
Azkiya,1985,7
Azkiya,1990,14
Azkiya,1995,13
Azkiya,2000,7
Azkiya,2005,6
Azkiya,2010,3
Azkiya,2015,1
Azkiya,2020,4
Azkiya,2025,1
Azuna,1970,12
Azuna,1975,1
Azuna,1980,2
Azuna,1985,3
Azuna,1990,6
Azuna,1995,5
Azuna,2000,8
Azuna,2005,2
Azuna,2010,10
Azuna,2015,11
Azuna,2020,6
Azuna,2025,3
Bellvania,1970,2
Bellvania,1975,7
Bellvania,1980,1
Bellvania,1985,12
Bellvania,1990,12
Bellvania,1995,3
Bellvania,2000,2
Bellvania,2005,1
Bellvania,2010,5
Bellvania,2015,1
Bellvania,2020,9
Bellvania,2025,5
Belvina,1970,2
Belvina,1975,5
Belvina,1980,2
Belvina,1985,6
Belvina,1990,2
Belvina,1995,14
Belvina,2000,12
Belvina,2005,4
Belvina,2010,0
Belvina,2015,8
Belvina,2020,7
Belvina,2025,13
Brilliana,1970,9
Brilliana,1975,8
Brilliana,1980,5
Brilliana,1985,10
Brilliana,1990,5
Brilliana,1995,3
Brilliana,2000,2
Brilliana,2005,13
Brilliana,2010,13
Brilliana,2015,6
Brilliana,2020,1
Brilliana,2025,14
Caliana,1970,8
Caliana,1975,9
Caliana,1980,13
Caliana,1985,4
Caliana,1990,5
Caliana,1995,8
Caliana,2000,13
Caliana,2005,5
Caliana,2010,5
Caliana,2015,5
Caliana,2020,12
Caliana,2025,5
Callina,1970,6
Callina,1975,0
Callina,1980,9
Callina,1985,2
Callina,1990,2
Callina,1995,12
Callina,2000,11
Callina,2005,0
Callina,2010,0
Callina,2015,0
Callina,2020,10
Callina,2025,4
Camellia,1970,12
Camellia,1975,4
Camellia,1980,8
Camellia,1985,12
Camellia,1990,6
Camellia,1995,13
Camellia,2000,4
Camellia,2005,0
Camellia,2010,5
Camellia,2015,0
Camellia,2020,7
Camellia,2025,14
Carabella,1970,9
Carabella,1975,0
Carabella,1980,7
Carabella,1985,8
Carabella,1990,1
Carabella,1995,3
Carabella,2000,5
Carabella,2005,4
Carabella,2010,4
Carabella,2015,3
Carabella,2020,9
Carabella,2025,9
Claribelle,1970,3
Claribelle,1975,6
Claribelle,1980,12
Claribelle,1985,1
Claribelle,1990,1
Claribelle,1995,2
Claribelle,2000,11
Claribelle,2005,8
Claribelle,2010,14
Claribelle,2015,11
Claribelle,2020,5
Claribelle,2025,4
Claudya,1970,11
Claudya,1975,12
Claudya,1980,10
Claudya,1985,13
Claudya,1990,6
Claudya,1995,11
Claudya,2000,6
Claudya,2005,8
Claudya,2010,5
Claudya,2015,0
Claudya,2020,9
Claudya,2025,12
Corenne,1970,13
Corenne,1975,0
Corenne,1980,13
Corenne,1985,7
Corenne,1990,12
Corenne,1995,1
Corenne,2000,4
Corenne,2005,11
Corenne,2010,5
Corenne,2015,8
Corenne,2020,1
Corenne,2025,6
Devina,1970,5
Devina,1975,12
Devina,1980,11
Devina,1985,3
Devina,1990,14
Devina,1995,1
Devina,2000,4
Devina,2005,5
Devina,2010,2
Devina,2015,7
Devina,2020,1
Devina,2025,3
Elenia,1970,3
Elenia,1975,4
Elenia,1980,6
Elenia,1985,7
Elenia,1990,5
Elenia,1995,5
Elenia,2000,4
Elenia,2005,6
Elenia,2010,13
Elenia,2015,13
Elenia,2020,8
Elenia,2025,9
Elodiel,1970,8
Elodiel,1975,1
Elodiel,1980,6
Elodiel,1985,4
Elodiel,1990,1
Elodiel,1995,14
Elodiel,2000,4
Elodiel,2005,2
Elodiel,2010,12
Elodiel,2015,9
Elodiel,2020,5
Elodiel,2025,6
Elmira,1970,11
Elmira,1975,4
Elmira,1980,8
Elmira,1985,14
Elmira,1990,1
Elmira,1995,7
Elmira,2000,13
Elmira,2005,1
Elmira,2010,2
Elmira,2015,6
Elmira,2020,11
Elmira,2025,6
Adaline,1970,20
Adaline,1975,34
Adaline,1980,29
Adaline,1985,28
Adaline,1990,29
Adaline,1995,25
Adaline,2000,47
Adaline,2005,39
Adaline,2010,47
Adaline,2015,29
Adaline,2020,22
Adaline,2025,33
Adelina,1970,36
Adelina,1975,45
Adelina,1980,36
Adelina,1985,32
Adelina,1990,45
Adelina,1995,39
Adelina,2000,39
Adelina,2005,21
Adelina,2010,22
Adelina,2015,25
Adelina,2020,28
Adelina,2025,23
Adeline,1970,43
Adeline,1975,20
Adeline,1980,27
Adeline,1985,37
Adeline,1990,30
Adeline,1995,26
Adeline,2000,26
Adeline,2005,21
Adeline,2010,39
Adeline,2015,48
Adeline,2020,48
Adeline,2025,31
Adena,1970,45
Adena,1975,26
Adena,1980,44
Adena,1985,20
Adena,1990,38
Adena,1995,49
Adena,2000,29
Adena,2005,39
Adena,2010,27
Adena,2015,22
Adena,2020,44
Adena,2025,33
Adina,1970,32
Adina,1975,37
Adina,1980,39
Adina,1985,28
Adina,1990,29
Adina,1995,39
Adina,2000,26
Adina,2005,21
Adina,2010,43
Adina,2015,43
Adina,2020,35
Adina,2025,39
Alessa,1970,24
Alessa,1975,49
Alessa,1980,35
Alessa,1985,36
Alessa,1990,47
Alessa,1995,26
Alessa,2000,23
Alessa,2005,46
Alessa,2010,29
Alessa,2015,38
Alessa,2020,20
Alessa,2025,47
Althea,1970,49
Althea,1975,44
Althea,1980,36
Althea,1985,36
Althea,1990,25
Althea,1995,37
Althea,2000,38
Althea,2005,24
Althea,2010,25
Althea,2015,36
Althea,2020,27
Althea,2025,31
Alina,1970,39
Alina,1975,44
Alina,1980,39
Alina,1985,30
Alina,1990,35
Alina,1995,22
Alina,2000,31
Alina,2005,42
Alina,2010,33
Alina,2015,35
Alina,2020,38
Alina,2025,39
Alira,1970,35
Alira,1975,32
Alira,1980,25
Alira,1985,34
Alira,1990,42
Alira,1995,28
Alira,2000,39
Alira,2005,39
Alira,2010,36
Alira,2015,44
Alira,2020,31
Alira,2025,42
Alisha,1970,21
Alisha,1975,27
Alisha,1980,43
Alisha,1985,29
Alisha,1990,32
Alisha,1995,37
Alisha,2000,46
Alisha,2005,25
Alisha,2010,46
Alisha,2015,33
Alisha,2020,27
Alisha,2025,37
Ayla,1970,28
Ayla,1975,43
Ayla,1980,46
Ayla,1985,47
Ayla,1990,43
Ayla,1995,37
Ayla,2000,25
Ayla,2005,42
Ayla,2010,34
Ayla,2015,38
Ayla,2020,35
Ayla,2025,39
Bella,1970,46
Bella,1975,21
Bella,1980,42
Bella,1985,31
Bella,1990,30
Bella,1995,37
Bella,2000,23
Bella,2005,31
Bella,2010,22
Bella,2015,26
Bella,2020,46
Bella,2025,28
Camilla,1970,30
Camilla,1975,34
Camilla,1980,49
Camilla,1985,46
Camilla,1990,29
Camilla,1995,32
Camilla,2000,43
Camilla,2005,32
Camilla,2010,38
Camilla,2015,24
Camilla,2020,36
Camilla,2025,30
Larissa,1970,30
Larissa,1975,26
Larissa,1980,25
Larissa,1985,21
Larissa,1990,23
Larissa,1995,46
Larissa,2000,21
Larissa,2005,21
Larissa,2010,24
Larissa,2015,44
Larissa,2020,21
Larissa,2025,34
Alinae,1970,23
Alinae,1975,27
Alinae,1980,26
Alinae,1985,24
Alinae,1990,49
Alinae,1995,30
Alinae,2000,25
Alinae,2005,45
Alinae,2010,44
Alinae,2015,35
Alinae,2020,38
Alinae,2025,45
Alma,1970,24
Alma,1975,28
Alma,1980,28
Alma,1985,43
Alma,1990,20
Alma,1995,48
Alma,2000,28
Alma,2005,32
Alma,2010,46
Alma,2015,48
Alma,2020,41
Alma,2025,49
Annelis,1970,31
Annelis,1975,28
Annelis,1980,43
Annelis,1985,21
Annelis,1990,41
Annelis,1995,44
Annelis,2000,40
Annelis,2005,45
Annelis,2010,45
Annelis,2015,41
Annelis,2020,38
Annelis,2025,21
Anja,1970,36
Anja,1975,48
Anja,1980,38
Anja,1985,30
Anja,1990,48
Anja,1995,44
Anja,2000,20
Anja,2005,46
Anja,2010,40
Anja,2015,45
Anja,2020,48
Anja,2025,25
Arumi,1970,37
Arumi,1975,43
Arumi,1980,30
Arumi,1985,26
Arumi,1990,23
Arumi,1995,33
Arumi,2000,35
Arumi,2005,29
Arumi,2010,41
Arumi,2015,34
Arumi,2020,46
Arumi,2025,22
Arushi,1970,40
Arushi,1975,34
Arushi,1980,34
Arushi,1985,28
Arushi,1990,34
Arushi,1995,26
Arushi,2000,41
Arushi,2005,24
Arushi,2010,24
Arushi,2015,49
Arushi,2020,29
Arushi,2025,29
Ashadiya,1970,38
Ashadiya,1975,35
Ashadiya,1980,27
Ashadiya,1985,48
Ashadiya,1990,35
Ashadiya,1995,48
Ashadiya,2000,47
Ashadiya,2005,21
Ashadiya,2010,26
Ashadiya,2015,20
Ashadiya,2020,20
Ashadiya,2025,47
Avelin,1970,33
Avelin,1975,33
Avelin,1980,27
Avelin,1985,34
Avelin,1990,38
Avelin,1995,26
Avelin,2000,30
Avelin,2005,36
Avelin,2010,20
Avelin,2015,24
Avelin,2020,29
Avelin,2025,45
Aveline,1970,28
Aveline,1975,37
Aveline,1980,32
Aveline,1985,33
Aveline,1990,26
Aveline,1995,49
Aveline,2000,32
Aveline,2005,27
Aveline,2010,23
Aveline,2015,39
Aveline,2020,22
Aveline,2025,41
Celyn,1970,49
Celyn,1975,24
Celyn,1980,42
Celyn,1985,38
Celyn,1990,21
Celyn,1995,44
Celyn,2000,38
Celyn,2005,37
Celyn,2010,27
Celyn,2015,29
Celyn,2020,24
Celyn,2025,39
Celina,1970,41
Celina,1975,38
Celina,1980,31
Celina,1985,34
Celina,1990,30
Celina,1995,43
Celina,2000,27
Celina,2005,35
Celina,2010,38
Celina,2015,29
Celina,2020,46
Celina,2025,33
Celine,1970,49
Celine,1975,41
Celine,1980,37
Celine,1985,27
Celine,1990,27
Celine,1995,27
Celine,2000,31
Celine,2005,30
Celine,2010,37
Celine,2015,31
Celine,2020,26
Celine,2025,24
Elara,1970,42
Elara,1975,26
Elara,1980,40
Elara,1985,40
Elara,1990,49
Elara,1995,22
Elara,2000,38
Elara,2005,30
Elara,2010,28
Elara,2015,41
Elara,2020,39
Elara,2025,31
Emira,1970,35
Emira,1975,36
Emira,1980,46
Emira,1985,46
Emira,1990,34
Emira,1995,28
Emira,2000,49
Emira,2005,28
Emira,2010,31
Emira,2015,35
Emira,2020,44
Emira,2025,36
Emilia,1970,30
Emilia,1975,36
Emilia,1980,21
Emilia,1985,43
Emilia,1990,47
Emilia,1995,42
Emilia,2000,40
Emilia,2005,34
Emilia,2010,22
Emilia,2015,48
Emilia,2020,45
Emilia,2025,43
Emma,1970,43
Emma,1975,27
Emma,1980,44
Emma,1985,33
Emma,1990,28
Emma,1995,39
Emma,2000,36
Emma,2005,49
Emma,2010,31
Emma,2015,47
Emma,2020,25
Emma,2025,37
Erina,1970,40
Erina,1975,39
Erina,1980,36
Erina,1985,39
Erina,1990,46
Erina,1995,44
Erina,2000,46
Erina,2005,37
Erina,2010,41
Erina,2015,47
Erina,2020,45
Erina,2025,32
Estela,1970,22
Estela,1975,36
Estela,1980,48
Estela,1985,27
Estela,1990,20
Estela,1995,27
Estela,2000,31
Estela,2005,24
Estela,2010,34
Estela,2015,27
Estela,2020,23
Estela,2025,26
Estelle,1970,48
Estelle,1975,24
Estelle,1980,37
Estelle,1985,26
Estelle,1990,35
Estelle,1995,42
Estelle,2000,27
Estelle,2005,32
Estelle,2010,43
Estelle,2015,35
Estelle,2020,45
Estelle,2025,26
Eveline,1970,23
Eveline,1975,34
Eveline,1980,44
Eveline,1985,41
Eveline,1990,35
Eveline,1995,24
Eveline,2000,24
Eveline,2005,24
Eveline,2010,26
Eveline,2015,43
Eveline,2020,20
Eveline,2025,33
Fiona,1970,32
Fiona,1975,40
Fiona,1980,43
Fiona,1985,40
Fiona,1990,46
Fiona,1995,37
Fiona,2000,27
Fiona,2005,25
Fiona,2010,49
Fiona,2015,28
Fiona,2020,33
Fiona,2025,47
Fionella,1970,32
Fionella,1975,24
Fionella,1980,45
Fionella,1985,48
Fionella,1990,41
Fionella,1995,42
Fionella,2000,42
Fionella,2005,47
Fionella,2010,20
Fionella,2015,30
Fionella,2020,24
Fionella,2025,28
Flavia,1970,43
Flavia,1975,38
Flavia,1980,35
Flavia,1985,32
Flavia,1990,48
Flavia,1995,22
Flavia,2000,21
Flavia,2005,20
Flavia,2010,35
Flavia,2015,45
Flavia,2020,44
Flavia,2025,33
Floria,1970,27
Floria,1975,35
Floria,1980,26
Floria,1985,23
Floria,1990,41
Floria,1995,27
Floria,2000,34
Floria,2005,48
Floria,2010,36
Floria,2015,27
Floria,2020,34
Floria,2025,26
Floris,1970,28
Floris,1975,32
Floris,1980,48
Floris,1985,22
Floris,1990,42
Floris,1995,34
Floris,2000,40
Floris,2005,39
Floris,2010,49
Floris,2015,26
Floris,2020,28
Floris,2025,40
Florisa,1970,27
Florisa,1975,43
Florisa,1980,23
Florisa,1985,37
Florisa,1990,46
Florisa,1995,39
Florisa,2000,46
Florisa,2005,31
Florisa,2010,32
Florisa,2015,23
Florisa,2020,25
Florisa,2025,48
Freesia,1970,43
Freesia,1975,40
Freesia,1980,46
Freesia,1985,44
Freesia,1990,38
Freesia,1995,23
Freesia,2000,31
Freesia,2005,49
Freesia,2010,27
Freesia,2015,20
Freesia,2020,25
Freesia,2025,28
Freja,1970,33
Freja,1975,39
Freja,1980,45
Freja,1985,46
Freja,1990,47
Freja,1995,31
Freja,2000,45
Freja,2005,47
Freja,2010,23
Freja,2015,45
Freja,2020,48
Freja,2025,29
Freya,1970,28
Freya,1975,43
Freya,1980,20
Freya,1985,28
Freya,1990,33
Freya,1995,21
Freya,2000,39
Freya,2005,24
Freya,2010,37
Freya,2015,31
Freya,2020,47
Freya,2025,44
Freyana,1970,39
Freyana,1975,38
Freyana,1980,44
Freyana,1985,41
Freyana,1990,48
Freyana,1995,45
Freyana,2000,22
Freyana,2005,48
Freyana,2010,36
Freyana,2015,47
Freyana,2020,43
Freyana,2025,39
Frieda,1970,30
Frieda,1975,30
Frieda,1980,37
Frieda,1985,38
Frieda,1990,41
Frieda,1995,26
Frieda,2000,39
Frieda,2005,36
Frieda,2010,28
Frieda,2015,45
Frieda,2020,46
Frieda,2025,39
Giselie,1970,28
Giselie,1975,45
Giselie,1980,33
Giselie,1985,38
Giselie,1990,37
Giselie,1995,40
Giselie,2000,32
Giselie,2005,45
Giselie,2010,34
Giselie,2015,48
Giselie,2020,33
Giselie,2025,43
Giselle,1970,24
Giselle,1975,22
Giselle,1980,33
Giselle,1985,20
Giselle,1990,22
Giselle,1995,23
Giselle,2000,39
Giselle,2005,40
Giselle,2010,33
Giselle,2015,42
Giselle,2020,46
Giselle,2025,48
Hana,1970,22
Hana,1975,47
Hana,1980,46
Hana,1985,49
Hana,1990,49
Hana,1995,24
Hana,2000,35
Hana,2005,27
Hana,2010,32
Hana,2015,38
Hana,2020,23
Hana,2025,29
Haniya,1970,47
Haniya,1975,45
Haniya,1980,23
Haniya,1985,38
Haniya,1990,35
Haniya,1995,35
Haniya,2000,40
Haniya,2005,47
Haniya,2010,45
Haniya,2015,39
Haniya,2020,31
Haniya,2025,39
Haura,1970,20
Haura,1975,39
Haura,1980,36
Haura,1985,46
Haura,1990,43
Haura,1995,24
Haura,2000,37
Haura,2005,24
Haura,2010,47
Haura,2015,48
Haura,2020,44
Haura,2025,23
Hazel,1970,42
Hazel,1975,48
Hazel,1980,49
Hazel,1985,27
Hazel,1990,37
Hazel,1995,21
Hazel,2000,36
Hazel,2005,21
Hazel,2010,39
Hazel,2015,31
Hazel,2020,38
Hazel,2025,28
Hikara,1970,38
Hikara,1975,20
Hikara,1980,27
Hikara,1985,27
Hikara,1990,43
Hikara,1995,36
Hikara,2000,39
Hikara,2005,46
Hikara,2010,36
Hikara,2015,21
Hikara,2020,46
Hikara,2025,47
Hikariya,1970,26
Hikariya,1975,35
Hikariya,1980,45
Hikariya,1985,42
Hikariya,1990,26
Hikariya,1995,32
Hikariya,2000,35
Hikariya,2005,26
Hikariya,2010,29
Hikariya,2015,26
Hikariya,2020,20
Hikariya,2025,25
Himari,1970,43
Himari,1975,46
Himari,1980,40
Himari,1985,45
Himari,1990,24
Himari,1995,34
Himari,2000,35
Himari,2005,38
Himari,2010,46
Himari,2015,43
Himari,2020,38
Himari,2025,24
Hinari,1970,24
Hinari,1975,31
Hinari,1980,30
Hinari,1985,25
Hinari,1990,23
Hinari,1995,40
Hinari,2000,37
Hinari,2005,37
Hinari,2010,41
Hinari,2015,32
Hinari,2020,42
Hinari,2025,21
Ifa,1970,45
Ifa,1975,28
Ifa,1980,32
Ifa,1985,24
Ifa,1990,25
Ifa,1995,29
Ifa,2000,40
Ifa,2005,44
Ifa,2010,45
Ifa,2015,31
Ifa,2020,43
Ifa,2025,34
Iffah,1970,48
Iffah,1975,43
Iffah,1980,31
Iffah,1985,39
Iffah,1990,30
Iffah,1995,42
Iffah,2000,37
Iffah,2005,29
Iffah,2010,48
Iffah,2015,34
Iffah,2020,27
Iffah,2025,31
Ilma,1970,42
Ilma,1975,41
Ilma,1980,23
Ilma,1985,42
Ilma,1990,47
Ilma,1995,23
Ilma,2000,31
Ilma,2005,27
Ilma,2010,27
Ilma,2015,43
Ilma,2020,45
Ilma,2025,34
Ilmira,1970,20
Ilmira,1975,48
Ilmira,1980,47
Ilmira,1985,38
Ilmira,1990,29
Ilmira,1995,32
Ilmira,2000,20
Ilmira,2005,39
Ilmira,2010,44
Ilmira,2015,47
Ilmira,2020,21
Ilmira,2025,29
Inaya,1970,28
Inaya,1975,20
Inaya,1980,49
Inaya,1985,28
Inaya,1990,35
Inaya,1995,20
Inaya,2000,29
Inaya,2005,38
Inaya,2010,47
Inaya,2015,49
Inaya,2020,20
Inaya,2025,23
Ines,1970,35
Ines,1975,45
Ines,1980,42
Ines,1985,38
Ines,1990,44
Ines,1995,47
Ines,2000,33
Ines,2005,39
Ines,2010,30
Ines,2015,20
Ines,2020,25
Ines,2025,43
Inessa,1970,40
Inessa,1975,41
Inessa,1980,41
Inessa,1985,38
Inessa,1990,29
Inessa,1995,44
Inessa,2000,25
Inessa,2005,28
Inessa,2010,46
Inessa,2015,20
Inessa,2020,26
Inessa,2025,34
Inggrid,1970,23
Inggrid,1975,38
Inggrid,1980,45
Inggrid,1985,35
Inggrid,1990,20
Inggrid,1995,28
Inggrid,2000,38
Inggrid,2005,45
Inggrid,2010,30
Inggrid,2015,45
Inggrid,2020,25
Inggrid,2025,46
Ingrid,1970,29
Ingrid,1975,28
Ingrid,1980,29
Ingrid,1985,45
Ingrid,1990,45
Ingrid,1995,35
Ingrid,2000,32
Ingrid,2005,25
Ingrid,2010,21
Ingrid,2015,48
Ingrid,2020,32
Ingrid,2025,38
Innaya,1970,31
Innaya,1975,32
Innaya,1980,24
Innaya,1985,34
Innaya,1990,46
Innaya,1995,47
Innaya,2000,26
Innaya,2005,29
Innaya,2010,28
Innaya,2015,43
Innaya,2020,25
Innaya,2025,25
Irene,1970,20
Irene,1975,20
Irene,1980,36
Irene,1985,37
Irene,1990,28
Irene,1995,22
Irene,2000,29
Irene,2005,29
Irene,2010,47
Irene,2015,40
Irene,2020,48
Irene,2025,21
Iselin,1970,31
Iselin,1975,40
Iselin,1980,23
Iselin,1985,47
Iselin,1990,36
Iselin,1995,30
Iselin,2000,24
Iselin,2005,38
Iselin,2010,22
Iselin,2015,41
Iselin,2020,23
Iselin,2025,30
Ishara,1970,27
Ishara,1975,31
Ishara,1980,42
Ishara,1985,37
Ishara,1990,34
Ishara,1995,41
Ishara,2000,24
Ishara,2005,20
Ishara,2010,38
Ishara,2015,41
Ishara,2020,25
Ishara,2025,39
Itsuki,1970,24
Itsuki,1975,40
Itsuki,1980,21
Itsuki,1985,22
Itsuki,1990,26
Itsuki,1995,20
Itsuki,2000,21
Itsuki,2005,40
Itsuki,2010,35
Itsuki,2015,29
Itsuki,2020,31
Itsuki,2025,31
Ivana,1970,21
Ivana,1975,24
Ivana,1980,36
Ivana,1985,36
Ivana,1990,26
Ivana,1995,48
Ivana,2000,36
Ivana,2005,21
Ivana,2010,28
Ivana,2015,32
Ivana,2020,35
Ivana,2025,21
Ivora,1970,41
Ivora,1975,45
Ivora,1980,47
Ivora,1985,47
Ivora,1990,23
Ivora,1995,44
Ivora,2000,43
Ivora,2005,47
Ivora,2010,22
Ivora,2015,30
Ivora,2020,48
Ivora,2025,33
Jasmine,1970,36
Jasmine,1975,39
Jasmine,1980,26
Jasmine,1985,38
Jasmine,1990,37
Jasmine,1995,43
Jasmine,2000,28
Jasmine,2005,21
Jasmine,2010,20
Jasmine,2015,42
Jasmine,2020,30
Jasmine,2025,30
Juniper,1970,39
Juniper,1975,49
Juniper,1980,48
Juniper,1985,40
Juniper,1990,26
Juniper,1995,28
Juniper,2000,37
Juniper,2005,43
Juniper,2010,21
Juniper,2015,40
Juniper,2020,35
Juniper,2025,37
Kalila,1970,41
Kalila,1975,47
Kalila,1980,25
Kalila,1985,40
Kalila,1990,29
Kalila,1995,41
Kalila,2000,25
Kalila,2005,43
Kalila,2010,29
Kalila,2015,46
Kalila,2020,41
Kalila,2025,42
Kalira,1970,49
Kalira,1975,46
Kalira,1980,40
Kalira,1985,25
Kalira,1990,47
Kalira,1995,43
Kalira,2000,38
Kalira,2005,35
Kalira,2010,33
Kalira,2015,37
Kalira,2020,25
Kalira,2025,34
Kalisha,1970,48
Kalisha,1975,40
Kalisha,1980,30
Kalisha,1985,34
Kalisha,1990,27
Kalisha,1995,35
Kalisha,2000,32
Kalisha,2005,26
Kalisha,2010,45
Kalisha,2015,31
Kalisha,2020,31
Kalisha,2025,24
Kanaya,1970,39
Kanaya,1975,26
Kanaya,1980,32
Kanaya,1985,48
Kanaya,1990,41
Kanaya,1995,31
Kanaya,2000,27
Kanaya,2005,22
Kanaya,2010,37
Kanaya,2015,34
Kanaya,2020,27
Kanaya,2025,23
Katerina,1970,48
Katerina,1975,41
Katerina,1980,47
Katerina,1985,25
Katerina,1990,39
Katerina,1995,40
Katerina,2000,34
Katerina,2005,46
Katerina,2010,36
Katerina,2015,26
Katerina,2020,39
Katerina,2025,36
Kayla,1970,30
Kayla,1975,35
Kayla,1980,46
Kayla,1985,45
Kayla,1990,44
Kayla,1995,27
Kayla,2000,41
Kayla,2005,26
Kayla,2010,22
Kayla,2015,49
Kayla,2020,35
Kayla,2025,42
Khaira,1970,33
Khaira,1975,35
Khaira,1980,28
Khaira,1985,36
Khaira,1990,34
Khaira,1995,35
Khaira,2000,30
Khaira,2005,47
Khaira,2010,25
Khaira,2015,44
Khaira,2020,34
Khaira,2025,39
Khairyn,1970,27
Khairyn,1975,33
Khairyn,1980,41
Khairyn,1985,42
Khairyn,1990,46
Khairyn,1995,33
Khairyn,2000,29
Khairyn,2005,28
Khairyn,2010,40
Khairyn,2015,39
Khairyn,2020,36
Khairyn,2025,37
Khalisa,1970,47
Khalisa,1975,36
Khalisa,1980,45
Khalisa,1985,25
Khalisa,1990,44
Khalisa,1995,41
Khalisa,2000,39
Khalisa,2005,20
Khalisa,2010,45
Khalisa,2015,41
Khalisa,2020,36
Khalisa,2025,30
Kiara,1970,49
Kiara,1975,42
Kiara,1980,49
Kiara,1985,41
Kiara,1990,20
Kiara,1995,47
Kiara,2000,34
Kiara,2005,26
Kiara,2010,36
Kiara,2015,42
Kiara,2020,47
Kiara,2025,27
Kurami,1970,36
Kurami,1975,33
Kurami,1980,44
Kurami,1985,43
Kurami,1990,47
Kurami,1995,27
Kurami,2000,22
Kurami,2005,23
Kurami,2010,26
Kurami,2015,23
Kurami,2020,36
Kurami,2025,34
Kurana,1970,42
Kurana,1975,26
Kurana,1980,38
Kurana,1985,30
Kurana,1990,44
Kurana,1995,28
Kurana,2000,23
Kurana,2005,28
Kurana,2010,45
Kurana,2015,43
Kurana,2020,49
Kurana,2025,48
Larisa,1970,49
Larisa,1975,35
Larisa,1980,43
Larisa,1985,47
Larisa,1990,30
Larisa,1995,40
Larisa,2000,42
Larisa,2005,31
Larisa,2010,49
Larisa,2015,31
Larisa,2020,37
Larisa,2025,47
Laurine,1970,24
Laurine,1975,29
Laurine,1980,34
Laurine,1985,48
Laurine,1990,28
Laurine,1995,43
Laurine,2000,21
Laurine,2005,35
Laurine,2010,22
Laurine,2015,47
Laurine,2020,36
Laurine,2025,21
Lavina,1970,32
Lavina,1975,44
Lavina,1980,36
Lavina,1985,38
Lavina,1990,42
Lavina,1995,27
Lavina,2000,40
Lavina,2005,24
Lavina,2010,39
Lavina,2015,48
Lavina,2020,21
Lavina,2025,21
Lavinia,1970,37
Lavinia,1975,24
Lavinia,1980,24
Lavinia,1985,42
Lavinia,1990,22
Lavinia,1995,30
Lavinia,2000,26
Lavinia,2005,46
Lavinia,2010,27
Lavinia,2015,27
Lavinia,2020,24
Lavinia,2025,28
Lea,1970,37
Lea,1975,48
Lea,1980,27
Lea,1985,20
Lea,1990,39
Lea,1995,31
Lea,2000,23
Lea,2005,22
Lea,2010,35
Lea,2015,42
Lea,2020,25
Lea,2025,44
Lenora,1970,23
Lenora,1975,21
Lenora,1980,40
Lenora,1985,39
Lenora,1990,24
Lenora,1995,25
Lenora,2000,28
Lenora,2005,49
Lenora,2010,48
Lenora,2015,43
Lenora,2020,37
Lenora,2025,39
Lilly,1970,40
Lilly,1975,38
Lilly,1980,20
Lilly,1985,28
Lilly,1990,38
Lilly,1995,20
Lilly,2000,29
Lilly,2005,27
Lilly,2010,36
Lilly,2015,46
Lilly,2020,26
Lilly,2025,48
Lily,1970,45
Lily,1975,43
Lily,1980,29
Lily,1985,48
Lily,1990,38
Lily,1995,30
Lily,2000,26
Lily,2005,39
Lily,2010,30
Lily,2015,24
Lily,2020,27
Lily,2025,36
Linnea,1970,41
Linnea,1975,38
Linnea,1980,47
Linnea,1985,42
Linnea,1990,33
Linnea,1995,20
Linnea,2000,30
Linnea,2005,32
Linnea,2010,24
Linnea,2015,36
Linnea,2020,48
Linnea,2025,22
Liv,1970,24
Liv,1975,24
Liv,1980,22
Liv,1985,39
Liv,1990,39
Liv,1995,32
Liv,2000,23
Liv,2005,25
Liv,2010,43
Liv,2015,35
Liv,2020,38
Liv,2025,42
Livara,1970,32
Livara,1975,49
Livara,1980,44
Livara,1985,39
Livara,1990,44
Livara,1995,28
Livara,2000,45
Livara,2005,22
Livara,2010,21
Livara,2015,35
Livara,2020,26
Livara,2025,46
Livia,1970,33
Livia,1975,26
Livia,1980,34
Livia,1985,39
Livia,1990,34
Livia,1995,38
Livia,2000,47
Livia,2005,46
Livia,2010,37
Livia,2015,20
Livia,2020,44
Livia,2025,21
Liviana,1970,42
Liviana,1975,38
Liviana,1980,35
Liviana,1985,38
Liviana,1990,30
Liviana,1995,32
Liviana,2000,39
Liviana,2005,26
Liviana,2010,41
Liviana,2015,47
Liviana,2020,32
Liviana,2025,48
Liyana,1970,29
Liyana,1975,21
Liyana,1980,30
Liyana,1985,33
Liyana,1990,29
Liyana,1995,22
Liyana,2000,29
Liyana,2005,42
Liyana,2010,31
Liyana,2015,49
Liyana,2020,39
Liyana,2025,41
Lousie,1970,28
Lousie,1975,28
Lousie,1980,38
Lousie,1985,36
Lousie,1990,39
Lousie,1995,35
Lousie,2000,41
Lousie,2005,34
Lousie,2010,45
Lousie,2015,41
Lousie,2020,36
Lousie,2025,21
Ludmila,1970,38
Ludmila,1975,36
Ludmila,1980,28
Ludmila,1985,47
Ludmila,1990,46
Ludmila,1995,40
Ludmila,2000,28
Ludmila,2005,37
Ludmila,2010,47
Ludmila,2015,41
Ludmila,2020,29
Ludmila,2025,21
Ludmilla,1970,25
Ludmilla,1975,33
Ludmilla,1980,43
Ludmilla,1985,47
Ludmilla,1990,21
Ludmilla,1995,44
Ludmilla,2000,45
Ludmilla,2005,38
Ludmilla,2010,29
Ludmilla,2015,48
Ludmilla,2020,33
Ludmilla,2025,33
Luisa,1970,26
Luisa,1975,34
Luisa,1980,29
Luisa,1985,44
Luisa,1990,38
Luisa,1995,44
Luisa,2000,46
Luisa,2005,36
Luisa,2010,20
Luisa,2015,21
Luisa,2020,21
Luisa,2025,27
Luise,1970,29
Luise,1975,37
Luise,1980,25
Luise,1985,44
Luise,1990,33
Luise,1995,43
Luise,2000,34
Luise,2005,35
Luise,2010,28
Luise,2015,43
Luise,2020,28
Luise,2025,34
Lumika,1970,44
Lumika,1975,34
Lumika,1980,29
Lumika,1985,21
Lumika,1990,42
Lumika,1995,29
Lumika,2000,41
Lumika,2005,45
Lumika,2010,46
Lumika,2015,46
Lumika,2020,24
Lumika,2025,38
Lunara,1970,22
Lunara,1975,39
Lunara,1980,30
Lunara,1985,27
Lunara,1990,30
Lunara,1995,33
Lunara,2000,22
Lunara,2005,39
Lunara,2010,25
Lunara,2015,31
Lunara,2020,43
Lunara,2025,34
Lyanna,1970,31
Lyanna,1975,36
Lyanna,1980,39
Lyanna,1985,43
Lyanna,1990,45
Lyanna,1995,47
Lyanna,2000,36
Lyanna,2005,28
Lyanna,2010,29
Lyanna,2015,22
Lyanna,2020,33
Lyanna,2025,25
Lyora,1970,27
Lyora,1975,37
Lyora,1980,41
Lyora,1985,29
Lyora,1990,36
Lyora,1995,20
Lyora,2000,39
Lyora,2005,40
Lyora,2010,21
Lyora,2015,37
Lyora,2020,43
Lyora,2025,25
Lyrissa,1970,36
Lyrissa,1975,23
Lyrissa,1980,42
Lyrissa,1985,44
Lyrissa,1990,41
Lyrissa,1995,36
Lyrissa,2000,39
Lyrissa,2005,34
Lyrissa,2010,25
Lyrissa,2015,37
Lyrissa,2020,49
Lyrissa,2025,35
Mabella,1970,22
Mabella,1975,32
Mabella,1980,46
Mabella,1985,34
Mabella,1990,34
Mabella,1995,38
Mabella,2000,38
Mabella,2005,31
Mabella,2010,36
Mabella,2015,47
Mabella,2020,36
Mabella,2025,36
Maelya,1970,25
Maelya,1975,22
Maelya,1980,38
Maelya,1985,33
Maelya,1990,30
Maelya,1995,20
Maelya,2000,31
Maelya,2005,48
Maelya,2010,42
Maelya,2015,38
Maelya,2020,37
Maelya,2025,43
Mahira,1970,26
Mahira,1975,29
Mahira,1980,40
Mahira,1985,26
Mahira,1990,41
Mahira,1995,23
Mahira,2000,46
Mahira,2005,37
Mahira,2010,37
Mahira,2015,41
Mahira,2020,48
Mahira,2025,23
Maika,1970,40
Maika,1975,48
Maika,1980,38
Maika,1985,21
Maika,1990,25
Maika,1995,27
Maika,2000,39
Maika,2005,45
Maika,2010,32
Maika,2015,44
Maika,2020,28
Maika,2025,43
Malvia,1970,22
Malvia,1975,29
Malvia,1980,35
Malvia,1985,22
Malvia,1990,34
Malvia,1995,39
Malvia,2000,37
Malvia,2005,25
Malvia,2010,34
Malvia,2015,28
Malvia,2020,48
Malvia,2025,22
Maple,1970,47
Maple,1975,31
Maple,1980,28
Maple,1985,32
Maple,1990,47
Maple,1995,39
Maple,2000,27
Maple,2005,23
Maple,2010,37
Maple,2015,37
Maple,2020,26
Maple,2025,38
Maribelle,1970,48
Maribelle,1975,33
Maribelle,1980,48
Maribelle,1985,45
Maribelle,1990,25
Maribelle,1995,38
Maribelle,2000,22
Maribelle,2005,25
Maribelle,2010,40
Maribelle,2015,34
Maribelle,2020,41
Maribelle,2025,32
Marie,1970,36
Marie,1975,48
Marie,1980,36
Marie,1985,44
Marie,1990,39
Marie,1995,39
Marie,2000,45
Marie,2005,31
Marie,2010,47
Marie,2015,40
Marie,2020,31
Marie,2025,39
Marielin,1970,30
Marielin,1975,29
Marielin,1980,42
Marielin,1985,34
Marielin,1990,46
Marielin,1995,41
Marielin,2000,43
Marielin,2005,20
Marielin,2010,41
Marielin,2015,26
Marielin,2020,39
Marielin,2025,35
Maris,1970,28
Maris,1975,45
Maris,1980,24
Maris,1985,27
Maris,1990,43
Maris,1995,31
Maris,2000,25
Maris,2005,49
Maris,2010,37
Maris,2015,29
Maris,2020,49
Maris,2025,30
Marisella,1970,36
Marisella,1975,30
Marisella,1980,37
Marisella,1985,43
Marisella,1990,27
Marisella,1995,31
Marisella,2000,20
Marisella,2005,39
Marisella,2010,38
Marisella,2015,49
Marisella,2020,38
Marisella,2025,20
Meliora,1970,40
Meliora,1975,32
Meliora,1980,49
Meliora,1985,33
Meliora,1990,37
Meliora,1995,32
Meliora,2000,31
Meliora,2005,46
Meliora,2010,26
Meliora,2015,36
Meliora,2020,44
Meliora,2025,24
Melissa,1970,47
Melissa,1975,26
Melissa,1980,26
Melissa,1985,29
Melissa,1990,42
Melissa,1995,42
Melissa,2000,29
Melissa,2005,44
Melissa,2010,35
Melissa,2015,31
Melissa,2020,49
Melissa,2025,25
Melisse,1970,43
Melisse,1975,24
Melisse,1980,45
Melisse,1985,29
Melisse,1990,38
Melisse,1995,38
Melisse,2000,23
Melisse,2005,35
Melisse,2010,47
Melisse,2015,42
Melisse,2020,38
Melisse,2025,35
Mia,1970,29
Mia,1975,45
Mia,1980,40
Mia,1985,37
Mia,1990,30
Mia,1995,39
Mia,2000,45
Mia,2005,28
Mia,2010,44
Mia,2015,45
Mia,2020,32
Mia,2025,22
Mikasa,1970,33
Mikasa,1975,42
Mikasa,1980,48
Mikasa,1985,33
Mikasa,1990,44
Mikasa,1995,49
Mikasa,2000,28
Mikasa,2005,29
Mikasa,2010,37
Mikasa,2015,30
Mikasa,2020,23
Mikasa,2025,43
Milara,1970,20
Milara,1975,30
Milara,1980,42
Milara,1985,36
Milara,1990,48
Milara,1995,46
Milara,2000,30
Milara,2005,33
Milara,2010,45
Milara,2015,32
Milara,2020,42
Milara,2025,36
Milena,1970,47
Milena,1975,24
Milena,1980,25
Milena,1985,36
Milena,1990,37
Milena,1995,41
Milena,2000,36
Milena,2005,47
Milena,2010,21
Milena,2015,39
Milena,2020,45
Milena,2025,48
Minara,1970,31
Minara,1975,34
Minara,1980,44
Minara,1985,24
Minara,1990,23
Minara,1995,31
Minara,2000,36
Minara,2005,31
Minara,2010,39
Minara,2015,31
Minara,2020,29
Minara,2025,22
Minari,1970,22
Minari,1975,20
Minari,1980,25
Minari,1985,27
Minari,1990,37
Minari,1995,46
Minari,2000,23
Minari,2005,32
Minari,2010,37
Minari,2015,47
Minari,2020,20
Minari,2025,47
Mira,1970,29
Mira,1975,43
Mira,1980,40
Mira,1985,26
Mira,1990,36
Mira,1995,20
Mira,2000,40
Mira,2005,37
Mira,2010,34
Mira,2015,37
Mira,2020,43
Mira,2025,42
Mirana,1970,46
Mirana,1975,43
Mirana,1980,25
Mirana,1985,30
Mirana,1990,36
Mirana,1995,33
Mirana,2000,31
Mirana,2005,28
Mirana,2010,22
Mirana,2015,30
Mirana,2020,29
Mirana,2025,26
Mirelia,1970,32
Mirelia,1975,34
Mirelia,1980,37
Mirelia,1985,47
Mirelia,1990,29
Mirelia,1995,37
Mirelia,2000,36
Mirelia,2005,20
Mirelia,2010,20
Mirelia,2015,35
Mirelia,2020,44
Mirelia,2025,30
Nabila,1970,49
Nabila,1975,29
Nabila,1980,37
Nabila,1985,28
Nabila,1990,27
Nabila,1995,32
Nabila,2000,37
Nabila,2005,32
Nabila,2010,20
Nabila,2015,27
Nabila,2020,45
Nabila,2025,26
Nalira,1970,20
Nalira,1975,38
Nalira,1980,21
Nalira,1985,39
Nalira,1990,39
Nalira,1995,32
Nalira,2000,30
Nalira,2005,30
Nalira,2010,27
Nalira,2015,42
Nalira,2020,33
Nalira,2025,41
Namira,1970,32
Namira,1975,38
Namira,1980,25
Namira,1985,22
Namira,1990,24
Namira,1995,47
Namira,2000,34
Namira,2005,36
Namira,2010,49
Namira,2015,47
Namira,2020,31
Namira,2025,37
Nayara,1970,20
Nayara,1975,47
Nayara,1980,47
Nayara,1985,26
Nayara,1990,32
Nayara,1995,23
Nayara,2000,36
Nayara,2005,28
Nayara,2010,29
Nayara,2015,34
Nayara,2020,40
Nayara,2025,40
Nazma,1970,23
Nazma,1975,26
Nazma,1980,37
Nazma,1985,29
Nazma,1990,41
Nazma,1995,40
Nazma,2000,39
Nazma,2005,28
Nazma,2010,36
Nazma,2015,27
Nazma,2020,49
Nazma,2025,28
Nazneen,1970,24
Nazneen,1975,28
Nazneen,1980,49
Nazneen,1985,42
Nazneen,1990,31
Nazneen,1995,32
Nazneen,2000,48
Nazneen,2005,42
Nazneen,2010,24
Nazneen,2015,32
Nazneen,2020,41
Nazneen,2025,31
Nisaka,1970,34
Nisaka,1975,30
Nisaka,1980,28
Nisaka,1985,31
Nisaka,1990,21
Nisaka,1995,26
Nisaka,2000,44
Nisaka,2005,44
Nisaka,2010,44
Nisaka,2015,37
Nisaka,2020,35
Nisaka,2025,26
Nisara,1970,44
Nisara,1975,29
Nisara,1980,30
Nisara,1985,49
Nisara,1990,42
Nisara,1995,26
Nisara,2000,24
Nisara,2005,31
Nisara,2010,37
Nisara,2015,24
Nisara,2020,38
Nisara,2025,24
Niva,1970,43
Niva,1975,41
Niva,1980,24
Niva,1985,42
Niva,1990,24
Niva,1995,36
Niva,2000,28
Niva,2005,36
Niva,2010,29
Niva,2015,26
Niva,2020,38
Niva,2025,27
Nivella,1970,33
Nivella,1975,24
Nivella,1980,27
Nivella,1985,27
Nivella,1990,37
Nivella,1995,38
Nivella,2000,28
Nivella,2005,20
Nivella,2010,44
Nivella,2015,29
Nivella,2020,26
Nivella,2025,27
Noeline,1970,38
Noeline,1975,37
Noeline,1980,22
Noeline,1985,26
Noeline,1990,26
Noeline,1995,31
Noeline,2000,20
Noeline,2005,32
Noeline,2010,20
Noeline,2015,23
Noeline,2020,40
Noeline,2025,45
Nouelle,1970,28
Nouelle,1975,49
Nouelle,1980,24
Nouelle,1985,35
Nouelle,1990,33
Nouelle,1995,49
Nouelle,2000,46
Nouelle,2005,33
Nouelle,2010,32
Nouelle,2015,44
Nouelle,2020,30
Nouelle,2025,48
Nyssa,1970,28
Nyssa,1975,37
Nyssa,1980,41
Nyssa,1985,46
Nyssa,1990,20
Nyssa,1995,34
Nyssa,2000,25
Nyssa,2005,39
Nyssa,2010,32
Nyssa,2015,20
Nyssa,2020,48
Nyssa,2025,26
Octavia,1970,26
Octavia,1975,25
Octavia,1980,29
Octavia,1985,48
Octavia,1990,20
Octavia,1995,43
Octavia,2000,41
Octavia,2005,45
Octavia,2010,31
Octavia,2015,49
Octavia,2020,38
Octavia,2025,41
Olivia,1970,22
Olivia,1975,49
Olivia,1980,28
Olivia,1985,38
Olivia,1990,31
Olivia,1995,48
Olivia,2000,38
Olivia,2005,47
Olivia,2010,34
Olivia,2015,48
Olivia,2020,29
Olivia,2025,46
Parisa,1970,25
Parisa,1975,25
Parisa,1980,22
Parisa,1985,29
Parisa,1990,45
Parisa,1995,46
Parisa,2000,28
Parisa,2005,35
Parisa,2010,20
Parisa,2015,39
Parisa,2020,38
Parisa,2025,23
Priscila,1970,37
Priscila,1975,25
Priscila,1980,46
Priscila,1985,30
Priscila,1990,24
Priscila,1995,25
Priscila,2000,43
Priscila,2005,33
Priscila,2010,32
Priscila,2015,20
Priscila,2020,48
Priscila,2025,27
Prisia,1970,28
Prisia,1975,28
Prisia,1980,29
Prisia,1985,28
Prisia,1990,33
Prisia,1995,40
Prisia,2000,46
Prisia,2005,35
Prisia,2010,25
Prisia,2015,49
Prisia,2020,30
Prisia,2025,34
Putri,1970,47
Putri,1975,24
Putri,1980,31
Putri,1985,29
Putri,1990,34
Putri,1995,26
Putri,2000,47
Putri,2005,22
Putri,2010,44
Putri,2015,22
Putri,2020,25
Putri,2025,35
Quinza,1970,46
Quinza,1975,20
Quinza,1980,41
Quinza,1985,38
Quinza,1990,42
Quinza,1995,47
Quinza,2000,43
Quinza,2005,27
Quinza,2010,22
Quinza,2015,24
Quinza,2020,31
Quinza,2025,20
Rahma,1970,27
Rahma,1975,30
Rahma,1980,28
Rahma,1985,49
Rahma,1990,44
Rahma,1995,45
Rahma,2000,49
Rahma,2005,27
Rahma,2010,22
Rahma,2015,39
Rahma,2020,49
Rahma,2025,22
Raisa,1970,21
Raisa,1975,43
Raisa,1980,28
Raisa,1985,28
Raisa,1990,29
Raisa,1995,46
Raisa,2000,44
Raisa,2005,21
Raisa,2010,46
Raisa,2015,41
Raisa,2020,27
Raisa,2025,44
Ramadhina,1970,46
Ramadhina,1975,20
Ramadhina,1980,39
Ramadhina,1985,43
Ramadhina,1990,40
Ramadhina,1995,40
Ramadhina,2000,48
Ramadhina,2005,49
Ramadhina,2010,47
Ramadhina,2015,44
Ramadhina,2020,20
Ramadhina,2025,30
Ranya,1970,43
Ranya,1975,40
Ranya,1980,23
Ranya,1985,38
Ranya,1990,20
Ranya,1995,40
Ranya,2000,44
Ranya,2005,46
Ranya,2010,36
Ranya,2015,49
Ranya,2020,39
Ranya,2025,32
Ravelle,1970,34
Ravelle,1975,35
Ravelle,1980,37
Ravelle,1985,35
Ravelle,1990,41
Ravelle,1995,31
Ravelle,2000,34
Ravelle,2005,33
Ravelle,2010,34
Ravelle,2015,31
Ravelle,2020,35
Ravelle,2025,23
Ravienne,1970,36
Ravienne,1975,43
Ravienne,1980,24
Ravienne,1985,38
Ravienne,1990,23
Ravienne,1995,25
Ravienne,2000,46
Ravienne,2005,37
Ravienne,2010,27
Ravienne,2015,27
Ravienne,2020,25
Ravienne,2025,33
Rinika,1970,41
Rinika,1975,35
Rinika,1980,46
Rinika,1985,24
Rinika,1990,35
Rinika,1995,29
Rinika,2000,42
Rinika,2005,49
Rinika,2010,23
Rinika,2015,29
Rinika,2020,23
Rinika,2025,45
Rizqia,1970,47
Rizqia,1975,21
Rizqia,1980,40
Rizqia,1985,23
Rizqia,1990,21
Rizqia,1995,32
Rizqia,2000,22
Rizqia,2005,47
Rizqia,2010,23
Rizqia,2015,48
Rizqia,2020,32
Rizqia,2025,29
Runa,1970,46
Runa,1975,24
Runa,1980,43
Runa,1985,31
Runa,1990,41
Runa,1995,33
Runa,2000,22
Runa,2005,26
Runa,2010,32
Runa,2015,22
Runa,2020,25
Runa,2025,36
Sabina,1970,28
Sabina,1975,49
Sabina,1980,35
Sabina,1985,30
Sabina,1990,23
Sabina,1995,23
Sabina,2000,22
Sabina,2005,21
Sabina,2010,27
Sabina,2015,49
Sabina,2020,34
Sabina,2025,23
Sabine,1970,27
Sabine,1975,31
Sabine,1980,44
Sabine,1985,25
Sabine,1990,48
Sabine,1995,49
Sabine,2000,46
Sabine,2005,35
Sabine,2010,44
Sabine,2015,49
Sabine,2020,32
Sabine,2025,28
Safira,1970,30
Safira,1975,30
Safira,1980,33
Safira,1985,23
Safira,1990,48
Safira,1995,43
Safira,2000,45
Safira,2005,27
Safira,2010,32
Safira,2015,34
Safira,2020,48
Safira,2025,40
Safiy,1970,42
Safiy,1975,42
Safiy,1980,49
Safiy,1985,47
Safiy,1990,37
Safiy,1995,41
Safiy,2000,44
Safiy,2005,26
Safiy,2010,23
Safiy,2015,40
Safiy,2020,30
Safiy,2025,22
Safiya,1970,44
Safiya,1975,30
Safiya,1980,39
Safiya,1985,46
Safiya,1990,23
Safiya,1995,41
Safiya,2000,44
Safiya,2005,26
Safiya,2010,22
Safiya,2015,30
Safiya,2020,21
Safiya,2025,20
Sahar,1970,43
Sahar,1975,40
Sahar,1980,29
Sahar,1985,30
Sahar,1990,37
Sahar,1995,49
Sahar,2000,24
Sahar,2005,45
Sahar,2010,25
Sahar,2015,43
Sahar,2020,20
Sahar,2025,20
Sahla,1970,42
Sahla,1975,25
Sahla,1980,22
Sahla,1985,38
Sahla,1990,44
Sahla,1995,47
Sahla,2000,26
Sahla,2005,31
Sahla,2010,42
Sahla,2015,34
Sahla,2020,22
Sahla,2025,22
Salma,1970,30
Salma,1975,38
Salma,1980,33
Salma,1985,24
Salma,1990,28
Salma,1995,40
Salma,2000,26
Salma,2005,42
Salma,2010,33
Salma,2015,29
Salma,2020,25
Salma,2025,22
Salsabila,1970,34
Salsabila,1975,33
Salsabila,1980,45
Salsabila,1985,33
Salsabila,1990,29
Salsabila,1995,24
Salsabila,2000,28
Salsabila,2005,21
Salsabila,2010,40
Salsabila,2015,35
Salsabila,2020,49
Salsabila,2025,43
Salwa,1970,32
Salwa,1975,23
Salwa,1980,22
Salwa,1985,49
Salwa,1990,45
Salwa,1995,49
Salwa,2000,46
Salwa,2005,22
Salwa,2010,43
Salwa,2015,46
Salwa,2020,29
Salwa,2025,30
Samirae,1970,29
Samirae,1975,44
Samirae,1980,44
Samirae,1985,49
Samirae,1990,34
Samirae,1995,39
Samirae,2000,29
Samirae,2005,39
Samirae,2010,49
Samirae,2015,38
Samirae,2020,22
Samirae,2025,35
Saphira,1970,22
Saphira,1975,29
Saphira,1980,28
Saphira,1985,29
Saphira,1990,46
Saphira,1995,39
Saphira,2000,35
Saphira,2005,45
Saphira,2010,32
Saphira,2015,41
Saphira,2020,35
Saphira,2025,25
Saphirae,1970,40
Saphirae,1975,38
Saphirae,1980,45
Saphirae,1985,48
Saphirae,1990,20
Saphirae,1995,33
Saphirae,2000,24
Saphirae,2005,25
Saphirae,2010,41
Saphirae,2015,20
Saphirae,2020,38
Saphirae,2025,39
Sapphira,1970,23
Sapphira,1975,20
Sapphira,1980,31
Sapphira,1985,25
Sapphira,1990,20
Sapphira,1995,36
Sapphira,2000,49
Sapphira,2005,29
Sapphira,2010,24
Sapphira,2015,39
Sapphira,2020,31
Sapphira,2025,26
Selene,1970,38
Selene,1975,49
Selene,1980,37
Selene,1985,38
Selene,1990,46
Selene,1995,47
Selene,2000,45
Selene,2005,37
Selene,2010,27
Selene,2015,48
Selene,2020,22
Selene,2025,47
Selina,1970,39
Selina,1975,41
Selina,1980,21
Selina,1985,46
Selina,1990,24
Selina,1995,29
Selina,2000,23
Selina,2005,23
Selina,2010,37
Selina,2015,43
Selina,2020,35
Selina,2025,38
Seline,1970,21
Seline,1975,23
Seline,1980,20
Seline,1985,34
Seline,1990,29
Seline,1995,38
Seline,2000,28
Seline,2005,46
Seline,2010,33
Seline,2015,47
Seline,2020,28
Seline,2025,39
Selva,1970,40
Selva,1975,27
Selva,1980,24
Selva,1985,43
Selva,1990,20
Selva,1995,21
Selva,2000,25
Selva,2005,49
Selva,2010,36
Selva,2015,49
Selva,2020,38
Selva,2025,41
Serafin,1970,37
Serafin,1975,37
Serafin,1980,33
Serafin,1985,33
Serafin,1990,45
Serafin,1995,32
Serafin,2000,39
Serafin,2005,34
Serafin,2010,36
Serafin,2015,42
Serafin,2020,36
Serafin,2025,43
Seraphine,1970,25
Seraphine,1975,35
Seraphine,1980,41
Seraphine,1985,42
Seraphine,1990,35
Seraphine,1995,30
Seraphine,2000,44
Seraphine,2005,38
Seraphine,2010,30
Seraphine,2015,30
Seraphine,2020,30
Seraphine,2025,24
Serena,1970,35
Serena,1975,24
Serena,1980,34
Serena,1985,49
Serena,1990,40
Serena,1995,36
Serena,2000,44
Serena,2005,33
Serena,2010,26
Serena,2015,49
Serena,2020,29
Serena,2025,39
Shabira,1970,33
Shabira,1975,31
Shabira,1980,44
Shabira,1985,33
Shabira,1990,47
Shabira,1995,31
Shabira,2000,21
Shabira,2005,30
Shabira,2010,34
Shabira,2015,35
Shabira,2020,25
Shabira,2025,45
Shafiyyah,1970,21
Shafiyyah,1975,20
Shafiyyah,1980,28
Shafiyyah,1985,26
Shafiyyah,1990,24
Shafiyyah,1995,35
Shafiyyah,2000,41
Shafiyyah,2005,42
Shafiyyah,2010,46
Shafiyyah,2015,22
Shafiyyah,2020,30
Shafiyyah,2025,48
Shavira,1970,47
Shavira,1975,38
Shavira,1980,26
Shavira,1985,41
Shavira,1990,29
Shavira,1995,27
Shavira,2000,33
Shavira,2005,28
Shavira,2010,44
Shavira,2015,22
Shavira,2020,30
Shavira,2025,23
Sibelle,1970,44
Sibelle,1975,37
Sibelle,1980,47
Sibelle,1985,46
Sibelle,1990,26
Sibelle,1995,21
Sibelle,2000,41
Sibelle,2005,32
Sibelle,2010,39
Sibelle,2015,27
Sibelle,2020,42
Sibelle,2025,23
Signe,1970,31
Signe,1975,47
Signe,1980,42
Signe,1985,44
Signe,1990,22
Signe,1995,44
Signe,2000,47
Signe,2005,31
Signe,2010,43
Signe,2015,37
Signe,2020,45
Signe,2025,21
Silvana,1970,32
Silvana,1975,38
Silvana,1980,43
Silvana,1985,31
Silvana,1990,40
Silvana,1995,48
Silvana,2000,20
Silvana,2005,25
Silvana,2010,25
Silvana,2015,33
Silvana,2020,20
Silvana,2025,28
Skye,1970,20
Skye,1975,44
Skye,1980,24
Skye,1985,24
Skye,1990,34
Skye,1995,37
Skye,2000,30
Skye,2005,30
Skye,2010,38
Skye,2015,39
Skye,2020,49
Skye,2025,48
Solene,1970,43
Solene,1975,30
Solene,1980,43
Solene,1985,22
Solene,1990,47
Solene,1995,23
Solene,2000,47
Solene,2005,45
Solene,2010,23
Solene,2015,27
Solene,2020,24
Solene,2025,23
Syafira,1970,44
Syafira,1975,37
Syafira,1980,37
Syafira,1985,48
Syafira,1990,36
Syafira,1995,44
Syafira,2000,47
Syafira,2005,25
Syafira,2010,30
Syafira,2015,28
Syafira,2020,34
Syafira,2025,30
Sylvaine,1970,49
Sylvaine,1975,22
Sylvaine,1980,41
Sylvaine,1985,42
Sylvaine,1990,27
Sylvaine,1995,25
Sylvaine,2000,38
Sylvaine,2005,43
Sylvaine,2010,39
Sylvaine,2015,36
Sylvaine,2020,45
Sylvaine,2025,26
Talia,1970,47
Talia,1975,46
Talia,1980,29
Talia,1985,39
Talia,1990,42
Talia,1995,37
Talia,2000,34
Talia,2005,34
Talia,2010,22
Talia,2015,36
Talia,2020,39
Talia,2025,49
Tania,1970,34
Tania,1975,42
Tania,1980,33
Tania,1985,28
Tania,1990,31
Tania,1995,46
Tania,2000,42
Tania,2005,23
Tania,2010,44
Tania,2015,28
Tania,2020,25
Tania,2025,34
Thalina,1970,28
Thalina,1975,27
Thalina,1980,49
Thalina,1985,45
Thalina,1990,28
Thalina,1995,35
Thalina,2000,48
Thalina,2005,21
Thalina,2010,43
Thalina,2015,32
Thalina,2020,25
Thalina,2025,27
Thea,1970,41
Thea,1975,46
Thea,1980,44
Thea,1985,38
Thea,1990,27
Thea,1995,42
Thea,2000,42
Thea,2005,49
Thea,2010,32
Thea,2015,45
Thea,2020,33
Thea,2025,22
Utami,1970,24
Utami,1975,23
Utami,1980,46
Utami,1985,45
Utami,1990,31
Utami,1995,21
Utami,2000,24
Utami,2005,36
Utami,2010,30
Utami,2015,25
Utami,2020,45
Utami,2025,36
Valeria,1970,43
Valeria,1975,43
Valeria,1980,21
Valeria,1985,27
Valeria,1990,28
Valeria,1995,36
Valeria,2000,42
Valeria,2005,29
Valeria,2010,28
Valeria,2015,43
Valeria,2020,35
Valeria,2025,36
Velina,1970,48
Velina,1975,45
Velina,1980,37
Velina,1985,24
Velina,1990,36
Velina,1995,27
Velina,2000,49
Velina,2005,36
Velina,2010,44
Velina,2015,45
Velina,2020,34
Velina,2025,46
Viona,1970,29
Viona,1975,24
Viona,1980,39
Viona,1985,23
Viona,1990,21
Viona,1995,49
Viona,2000,41
Viona,2005,44
Viona,2010,34
Viona,2015,20
Viona,2020,33
Viona,2025,48
Vionna,1970,46
Vionna,1975,26
Vionna,1980,29
Vionna,1985,25
Vionna,1990,35
Vionna,1995,46
Vionna,2000,29
Vionna,2005,30
Vionna,2010,39
Vionna,2015,20
Vionna,2020,25
Vionna,2025,22
Yasira,1970,42
Yasira,1975,44
Yasira,1980,27
Yasira,1985,31
Yasira,1990,45
Yasira,1995,37
Yasira,2000,27
Yasira,2005,44
Yasira,2010,34
Yasira,2015,43
Yasira,2020,25
Yasira,2025,34
Yelena,1970,35
Yelena,1975,47
Yelena,1980,45
Yelena,1985,31
Yelena,1990,36
Yelena,1995,33
Yelena,2000,24
Yelena,2005,43
Yelena,2010,42
Yelena,2015,42
Yelena,2020,43
Yelena,2025,20
Yrenna,1970,45
Yrenna,1975,28
Yrenna,1980,27
Yrenna,1985,29
Yrenna,1990,41
Yrenna,1995,32
Yrenna,2000,20
Yrenna,2005,20
Yrenna,2010,21
Yrenna,2015,24
Yrenna,2020,27
Yrenna,2025,33
Yukina,1970,40
Yukina,1975,35
Yukina,1980,24
Yukina,1985,22
Yukina,1990,23
Yukina,1995,32
Yukina,2000,28
Yukina,2005,42
Yukina,2010,43
Yukina,2015,26
Yukina,2020,30
Yukina,2025,46
Zachira,1970,29
Zachira,1975,41
Zachira,1980,49
Zachira,1985,45
Zachira,1990,41
Zachira,1995,30
Zachira,2000,23
Zachira,2005,30
Zachira,2010,24
Zachira,2015,32
Zachira,2020,30
Zachira,2025,46
Zahira,1970,35
Zahira,1975,35
Zahira,1980,45
Zahira,1985,46
Zahira,1990,46
Zahira,1995,44
Zahira,2000,43
Zahira,2005,24
Zahira,2010,21
Zahira,2015,35
Zahira,2020,31
Zahira,2025,36
Zahra,1970,47
Zahra,1975,35
Zahra,1980,39
Zahra,1985,33
Zahra,1990,32
Zahra,1995,41
Zahra,2000,21
Zahra,2005,25
Zahra,2010,34
Zahra,2015,49
Zahra,2020,25
Zahra,2025,47
Zaria,1970,32
Zaria,1975,23
Zaria,1980,24
Zaria,1985,24
Zaria,1990,43
Zaria,1995,26
Zaria,2000,30
Zaria,2005,41
Zaria,2010,38
Zaria,2015,42
Zaria,2020,34
Zaria,2025,30
Zariah,1970,21
Zariah,1975,43
Zariah,1980,25
Zariah,1985,31
Zariah,1990,34
Zariah,1995,39
Zariah,2000,44
Zariah,2005,47
Zariah,2010,34
Zariah,2015,30
Zariah,2020,44
Zariah,2025,47
Zayyan,1970,25
Zayyan,1975,35
Zayyan,1980,49
Zayyan,1985,37
Zayyan,1990,21
Zayyan,1995,23
Zayyan,2000,22
Zayyan,2005,38
Zayyan,2010,32
Zayyan,2015,38
Zayyan,2020,40
Zayyan,2025,48
Zayyana,1970,22
Zayyana,1975,38
Zayyana,1980,41
Zayyana,1985,47
Zayyana,1990,34
Zayyana,1995,23
Zayyana,2000,25
Zayyana,2005,43
Zayyana,2010,49
Zayyana,2015,24
Zayyana,2020,36
Zayyana,2025,29
Zelina,1970,24
Zelina,1975,34
Zelina,1980,37
Zelina,1985,25
Zelina,1990,33
Zelina,1995,46
Zelina,2000,25
Zelina,2005,37
Zelina,2010,38
Zelina,2015,43
Zelina,2020,38
Zelina,2025,35
Zoya,1970,43
Zoya,1975,32
Zoya,1980,22
Zoya,1985,27
Zoya,1990,48
Zoya,1995,45
Zoya,2000,25
Zoya,2005,27
Zoya,2010,38
Zoya,2015,25
Zoya,2020,21
Zoya,2025,29

